Order_ID,Order_Date,Customer_ID,Product_Category,Product,Sales_Amount,Quantity,Profit,Region,Profit_Per_Item,Year,Month,Customer_Segment
ORD_00001,2023-05-11,CUST_116,Technology,Paper,51.14,4,15.02,West,3.76,2023,5,2
ORD_00002,2023-11-11,CUST_264,Furniture,Phones,545.35,7,170.82,South,24.4,2023,11,1
ORD_00003,2021-05-02,CUST_252,Technology,Chairs,1040.02,9,386.22,Central,42.91,2021,5,0
ORD_00004,2022-04-12,CUST_477,Technology,Computers,545.01,2,71.28,West,35.64,2022,4,0
ORD_00005,2021-11-27,CUST_175,Technology,Notebooks,1260.58,8,52.28,East,6.54,2021,11,0
ORD_00006,2021-03-29,CUST_186,Furniture,Desks,968.92,9,472.95,West,52.55,2021,3,2
ORD_00007,2023-05-22,CUST_216,Office Supplies,Desks,729.8,9,65.44,Central,7.27,2023,5,0
ORD_00008,2021-05-11,CUST_461,Technology,Chairs,1898.93,7,93.51,East,13.36,2021,5,2
ORD_00009,2023-02-09,CUST_441,Office Supplies,Notebooks,1268.0,9,483.29,Central,53.7,2023,2,1
ORD_00010,2021-12-10,CUST_126,Office Supplies,Paper,268.58,9,354.09,West,39.34,2021,12,0
ORD_00011,2023-03-17,CUST_412,Furniture,Paper,1124.58,3,334.78,South,111.59,2023,3,2
ORD_00012,2022-01-21,CUST_386,Office Supplies,Phones,1563.66,4,419.11,South,104.78,2022,1,2
ORD_00013,2023-08-14,CUST_233,Office Supplies,Phones,1419.89,2,13.7,West,6.85,2023,8,1
ORD_00014,2021-10-04,CUST_318,Furniture,Paper,352.46,3,338.28,West,112.76,2021,10,1
ORD_00015,2022-04-05,CUST_267,Technology,Desks,1945.12,5,227.03,West,45.41,2022,4,1
ORD_00016,2021-01-22,CUST_197,Office Supplies,Computers,903.14,5,406.03,East,81.21,2021,1,0
ORD_00017,2021-09-10,CUST_367,Furniture,Desks,326.46,6,229.48,Central,38.25,2021,9,2
ORD_00018,2023-01-18,CUST_336,Office Supplies,Phones,368.59,7,291.13,Central,41.59,2023,1,2
ORD_00019,2023-05-07,CUST_408,Office Supplies,Chairs,205.49,7,212.76,Central,30.39,2023,5,1
ORD_00020,2022-04-20,CUST_493,Technology,Paper,1609.0,1,212.99,West,212.99,2022,4,2
ORD_00021,2023-12-19,CUST_272,Office Supplies,Phones,252.84,2,372.38,Central,186.19,2023,12,2
ORD_00022,2022-05-26,CUST_289,Furniture,Phones,259.0,9,295.71,West,32.86,2022,5,1
ORD_00023,2022-12-01,CUST_221,Office Supplies,Computers,1702.44,2,298.29,East,149.15,2022,12,2
ORD_00024,2023-09-03,CUST_145,Technology,Paper,695.76,6,197.66,South,32.94,2023,9,0
ORD_00025,2021-07-09,CUST_163,Technology,Computers,71.41,1,242.11,West,242.11,2021,7,2
ORD_00026,2023-08-16,CUST_229,Furniture,Paper,113.27,3,360.14,West,120.05,2023,8,2
ORD_00027,2022-11-18,CUST_409,Technology,Computers,292.92,2,404.27,South,202.14,2022,11,0
ORD_00028,2023-08-16,CUST_462,Office Supplies,Desks,434.65,3,333.11,South,111.04,2023,8,1
ORD_00029,2022-07-17,CUST_292,Technology,Chairs,1333.64,5,458.24,East,91.65,2022,7,2
ORD_00030,2023-04-12,CUST_406,Furniture,Chairs,323.08,6,401.18,Central,66.86,2023,4,1
ORD_00031,2022-10-09,CUST_280,Technology,Paper,246.56,9,259.03,West,28.78,2022,10,0
ORD_00032,2021-01-21,CUST_391,Technology,Notebooks,1531.79,4,319.27,Central,79.82,2021,1,1
ORD_00033,2023-04-21,CUST_470,Technology,Phones,1345.4,7,459.47,West,65.64,2023,4,2
ORD_00034,2021-06-16,CUST_381,Furniture,Phones,876.3,6,290.54,East,48.42,2021,6,0
ORD_00035,2022-01-23,CUST_128,Technology,Paper,1103.13,2,403.64,South,201.82,2022,1,2
ORD_00036,2022-08-24,CUST_248,Technology,Computers,630.85,8,328.85,East,41.11,2022,8,2
ORD_00037,2021-11-12,CUST_366,Office Supplies,Notebooks,970.18,7,253.56,South,36.22,2021,11,2
ORD_00038,2021-01-14,CUST_395,Furniture,Desks,1018.28,7,83.01,Central,11.86,2021,1,1
ORD_00039,2021-08-30,CUST_110,Technology,Computers,780.6,8,184.3,Central,23.04,2021,8,0
ORD_00040,2023-02-16,CUST_263,Furniture,Computers,1814.08,1,482.26,East,482.26,2023,2,0
ORD_00041,2022-07-19,CUST_212,Technology,Paper,41.96,1,311.77,South,311.77,2022,7,1
ORD_00042,2023-06-17,CUST_286,Technology,Paper,1566.52,8,260.42,East,32.55,2023,6,1
ORD_00043,2021-04-02,CUST_394,Technology,Phones,257.52,4,463.13,South,115.78,2021,4,2
ORD_00044,2023-08-14,CUST_331,Office Supplies,Paper,1597.12,5,272.58,South,54.52,2023,8,1
ORD_00045,2022-05-24,CUST_326,Office Supplies,Paper,1235.66,8,239.35,Central,29.92,2022,5,0
ORD_00046,2023-02-15,CUST_409,Office Supplies,Paper,1688.12,5,367.62,Central,73.52,2023,2,0
ORD_00047,2021-02-04,CUST_197,Furniture,Phones,204.05,4,341.97,South,85.49,2021,2,0
ORD_00048,2021-07-25,CUST_154,Furniture,Desks,1122.37,6,56.24,South,9.37,2021,7,1
ORD_00049,2023-10-23,CUST_210,Office Supplies,Desks,1007.16,5,209.22,South,41.84,2023,10,2
ORD_00050,2023-10-19,CUST_251,Furniture,Paper,1415.32,7,209.88,Central,29.98,2023,10,0
ORD_00051,2022-07-20,CUST_345,Technology,Phones,1073.24,7,158.02,Central,22.57,2022,7,1
ORD_00052,2022-12-04,CUST_168,Technology,Desks,1086.06,4,234.51,West,58.63,2022,12,2
ORD_00053,2022-02-06,CUST_411,Technology,Computers,864.9,5,177.21,South,35.44,2022,2,2
ORD_00054,2022-12-31,CUST_388,Office Supplies,Desks,624.58,3,59.64,West,19.88,2022,12,0
ORD_00055,2021-06-11,CUST_349,Furniture,Desks,969.71,4,176.8,South,44.2,2021,6,2
ORD_00056,2021-07-21,CUST_135,Office Supplies,Phones,245.8,4,-10.25,Central,-2.56,2021,7,1
ORD_00057,2023-09-23,CUST_338,Furniture,Computers,1923.41,3,266.68,West,88.89,2023,9,2
ORD_00058,2021-09-27,CUST_247,Technology,Phones,1431.68,5,419.51,West,83.9,2021,9,2
ORD_00059,2023-03-27,CUST_326,Office Supplies,Paper,1905.41,5,348.91,East,69.78,2023,3,0
ORD_00060,2022-04-01,CUST_343,Furniture,Chairs,461.19,7,148.22,South,21.17,2022,4,1
ORD_00061,2023-10-14,CUST_436,Furniture,Desks,1759.89,4,-2.11,Central,-0.53,2023,10,2
ORD_00062,2021-10-23,CUST_464,Technology,Chairs,1619.49,4,61.18,East,15.3,2021,10,2
ORD_00063,2022-12-21,CUST_300,Office Supplies,Phones,1357.53,9,250.02,East,27.78,2022,12,2
ORD_00064,2021-12-04,CUST_253,Office Supplies,Phones,1253.81,6,63.88,South,10.65,2021,12,0
ORD_00065,2023-05-29,CUST_172,Office Supplies,Phones,639.93,4,249.19,East,62.3,2023,5,0
ORD_00066,2023-12-13,CUST_300,Technology,Chairs,1634.66,2,77.38,South,38.69,2023,12,2
ORD_00067,2023-03-03,CUST_395,Office Supplies,Phones,1008.02,6,416.91,East,69.48,2023,3,1
ORD_00068,2021-08-05,CUST_116,Technology,Paper,151.07,2,168.5,South,84.25,2021,8,2
ORD_00069,2023-02-03,CUST_228,Technology,Phones,632.6,5,85.05,Central,17.01,2023,2,2
ORD_00070,2021-07-07,CUST_316,Technology,Notebooks,1871.24,6,396.78,South,66.13,2021,7,2
ORD_00071,2022-01-15,CUST_160,Furniture,Chairs,1702.85,4,138.56,South,34.64,2022,1,2
ORD_00072,2022-05-08,CUST_203,Office Supplies,Notebooks,1963.99,3,11.32,West,3.77,2022,5,1
ORD_00073,2023-12-01,CUST_141,Office Supplies,Phones,1259.71,7,263.73,Central,37.68,2023,12,1
ORD_00074,2021-01-15,CUST_124,Technology,Paper,502.55,2,269.86,Central,134.93,2021,1,2
ORD_00075,2021-03-06,CUST_138,Technology,Desks,334.0,6,343.08,Central,57.18,2021,3,0
ORD_00076,2022-06-05,CUST_390,Office Supplies,Computers,381.96,4,82.12,East,20.53,2022,6,2
ORD_00077,2022-10-10,CUST_230,Technology,Computers,49.39,6,194.07,West,32.34,2022,10,2
ORD_00078,2023-12-23,CUST_328,Office Supplies,Phones,787.46,4,105.3,Central,26.32,2023,12,2
ORD_00079,2022-08-16,CUST_207,Furniture,Paper,390.94,4,-5.48,East,-1.37,2022,8,0
ORD_00080,2022-01-27,CUST_271,Technology,Chairs,829.19,4,432.14,East,108.04,2022,1,1
ORD_00081,2022-02-23,CUST_201,Office Supplies,Notebooks,1870.64,9,350.88,East,38.99,2022,2,0
ORD_00082,2021-10-16,CUST_453,Technology,Notebooks,866.78,7,115.8,West,16.54,2021,10,2
ORD_00083,2022-01-14,CUST_111,Office Supplies,Notebooks,1757.19,3,279.66,East,93.22,2022,1,0
ORD_00084,2021-08-19,CUST_374,Office Supplies,Chairs,1214.95,3,60.7,West,20.23,2021,8,2
ORD_00085,2023-10-15,CUST_200,Technology,Computers,501.79,6,439.63,South,73.27,2023,10,1
ORD_00086,2021-02-10,CUST_143,Furniture,Paper,718.15,6,13.2,East,2.2,2021,2,1
ORD_00087,2023-11-18,CUST_404,Office Supplies,Chairs,177.0,4,-47.89,Central,-11.97,2023,11,0
ORD_00088,2021-05-15,CUST_116,Office Supplies,Notebooks,673.59,9,226.1,East,25.12,2021,5,2
ORD_00089,2021-07-20,CUST_429,Office Supplies,Phones,1358.31,4,270.72,South,67.68,2021,7,2
ORD_00090,2023-02-19,CUST_156,Furniture,Desks,153.5,9,268.43,South,29.83,2023,2,1
ORD_00091,2023-07-19,CUST_410,Furniture,Chairs,418.75,4,-20.02,East,-5.0,2023,7,2
ORD_00092,2023-11-23,CUST_402,Technology,Chairs,769.07,2,122.72,South,61.36,2023,11,0
ORD_00093,2023-12-08,CUST_111,Furniture,Paper,1964.28,2,224.56,West,112.28,2023,12,0
ORD_00094,2022-05-18,CUST_417,Technology,Paper,1571.88,5,69.12,West,13.82,2022,5,0
ORD_00095,2022-02-11,CUST_179,Technology,Chairs,1469.64,4,429.94,East,107.48,2022,2,2
ORD_00096,2023-03-16,CUST_315,Furniture,Notebooks,241.22,7,-2.09,West,-0.3,2023,3,2
ORD_00097,2021-04-09,CUST_438,Technology,Desks,1564.18,5,218.06,West,43.61,2021,4,2
ORD_00098,2022-11-15,CUST_363,Furniture,Paper,1572.68,6,330.28,Central,55.05,2022,11,0
ORD_00099,2022-12-27,CUST_248,Technology,Notebooks,1206.19,4,93.96,East,23.49,2022,12,2
ORD_00100,2023-08-19,CUST_180,Furniture,Phones,1980.82,2,293.33,South,146.66,2023,8,2
ORD_00101,2022-09-05,CUST_314,Furniture,Paper,657.26,9,406.16,East,45.13,2022,9,2
ORD_00102,2022-10-05,CUST_473,Technology,Notebooks,1883.13,7,54.69,West,7.81,2022,10,0
ORD_00103,2023-10-26,CUST_297,Office Supplies,Notebooks,1830.31,4,454.47,Central,113.62,2023,10,2
ORD_00104,2022-05-18,CUST_299,Technology,Desks,32.85,3,254.46,East,84.82,2022,5,1
ORD_00105,2023-02-06,CUST_124,Furniture,Desks,905.73,3,114.58,East,38.19,2023,2,2
ORD_00106,2022-02-02,CUST_188,Office Supplies,Phones,1954.44,9,186.97,West,20.77,2022,2,0
ORD_00107,2023-05-21,CUST_367,Technology,Notebooks,215.21,5,121.71,West,24.34,2023,5,2
ORD_00108,2023-03-06,CUST_242,Technology,Computers,1100.09,3,348.81,East,116.27,2023,3,0
ORD_00109,2022-01-28,CUST_158,Technology,Notebooks,1958.13,5,387.97,West,77.59,2022,1,0
ORD_00110,2021-07-26,CUST_464,Office Supplies,Desks,1115.44,2,408.12,West,204.06,2021,7,2
ORD_00111,2023-11-05,CUST_125,Furniture,Computers,387.73,4,492.17,West,123.04,2023,11,0
ORD_00112,2023-06-11,CUST_146,Technology,Paper,1168.54,2,385.21,West,192.6,2023,6,2
ORD_00113,2023-05-14,CUST_387,Technology,Paper,416.84,2,280.76,West,140.38,2023,5,2
ORD_00114,2023-01-13,CUST_365,Technology,Chairs,1044.21,8,136.57,Central,17.07,2023,1,2
ORD_00115,2022-07-18,CUST_115,Technology,Desks,157.34,1,249.53,West,249.53,2022,7,1
ORD_00116,2023-10-18,CUST_298,Technology,Chairs,1214.91,7,-27.41,South,-3.92,2023,10,0
ORD_00117,2021-04-06,CUST_381,Furniture,Computers,1038.41,5,359.65,East,71.93,2021,4,0
ORD_00118,2022-04-30,CUST_185,Furniture,Desks,1482.92,8,195.28,Central,24.41,2022,4,2
ORD_00119,2021-08-19,CUST_349,Technology,Phones,1265.09,1,-38.99,Central,-38.99,2021,8,2
ORD_00120,2023-01-19,CUST_490,Office Supplies,Notebooks,1103.72,7,-15.62,West,-2.23,2023,1,1
ORD_00121,2022-06-25,CUST_369,Furniture,Phones,1382.66,5,163.11,East,32.62,2022,6,2
ORD_00122,2023-11-26,CUST_434,Office Supplies,Computers,296.44,4,270.88,South,67.72,2023,11,2
ORD_00123,2022-06-09,CUST_216,Furniture,Desks,1194.77,7,205.31,West,29.33,2022,6,0
ORD_00124,2022-08-01,CUST_106,Technology,Computers,352.5,2,290.56,East,145.28,2022,8,2
ORD_00125,2022-11-13,CUST_236,Furniture,Notebooks,1851.79,1,214.16,West,214.16,2022,11,2
ORD_00126,2022-07-11,CUST_470,Technology,Paper,145.98,1,313.94,West,313.94,2022,7,2
ORD_00127,2023-10-10,CUST_275,Furniture,Paper,866.45,1,70.52,West,70.52,2023,10,2
ORD_00128,2022-10-08,CUST_427,Technology,Computers,1394.64,5,12.06,West,2.41,2022,10,0
ORD_00129,2023-03-07,CUST_414,Technology,Chairs,921.46,7,278.04,West,39.72,2023,3,1
ORD_00130,2023-11-18,CUST_314,Technology,Desks,193.27,2,216.58,West,108.29,2023,11,2
ORD_00131,2021-07-09,CUST_181,Technology,Desks,1111.22,8,-35.22,West,-4.4,2021,7,0
ORD_00132,2022-09-25,CUST_322,Office Supplies,Paper,1286.85,4,159.27,South,39.82,2022,9,0
ORD_00133,2022-09-20,CUST_471,Technology,Phones,1410.55,3,8.37,Central,2.79,2022,9,2
ORD_00134,2023-08-31,CUST_202,Office Supplies,Notebooks,752.79,8,242.25,South,30.28,2023,8,1
ORD_00135,2022-12-11,CUST_372,Office Supplies,Phones,1131.68,2,167.68,West,83.84,2022,12,1
ORD_00136,2022-10-11,CUST_113,Technology,Phones,906.87,3,287.23,West,95.74,2022,10,0
ORD_00137,2021-11-14,CUST_258,Office Supplies,Computers,1347.39,3,393.08,South,131.03,2021,11,2
ORD_00138,2022-11-15,CUST_251,Furniture,Paper,1171.28,1,114.82,South,114.82,2022,11,0
ORD_00139,2022-10-26,CUST_207,Technology,Paper,1056.25,6,479.16,Central,79.86,2022,10,0
ORD_00140,2022-03-18,CUST_287,Office Supplies,Paper,506.55,2,244.6,South,122.3,2022,3,0
ORD_00141,2022-07-18,CUST_400,Technology,Computers,14.02,1,290.06,Central,290.06,2022,7,0
ORD_00142,2023-08-10,CUST_197,Technology,Chairs,356.42,2,324.37,West,162.18,2023,8,0
ORD_00143,2022-11-30,CUST_230,Technology,Phones,242.96,6,316.7,East,52.78,2022,11,2
ORD_00144,2021-04-23,CUST_392,Office Supplies,Computers,903.68,4,231.03,East,57.76,2021,4,0
ORD_00145,2021-01-02,CUST_270,Furniture,Desks,1228.39,6,185.82,East,30.97,2021,1,2
ORD_00146,2022-10-04,CUST_282,Furniture,Notebooks,434.04,9,-20.42,East,-2.27,2022,10,1
ORD_00147,2021-08-08,CUST_463,Office Supplies,Chairs,1878.72,8,-37.85,West,-4.73,2021,8,2
ORD_00148,2023-05-05,CUST_138,Technology,Desks,23.3,1,146.88,East,146.88,2023,5,0
ORD_00149,2022-01-20,CUST_114,Office Supplies,Phones,1546.88,8,133.51,South,16.69,2022,1,2
ORD_00150,2023-12-13,CUST_475,Office Supplies,Paper,1254.16,9,163.23,South,18.14,2023,12,2
ORD_00151,2022-12-31,CUST_103,Office Supplies,Phones,753.37,6,26.1,East,4.35,2022,12,2
ORD_00152,2021-09-04,CUST_448,Technology,Computers,110.47,5,355.99,South,71.2,2021,9,2
ORD_00153,2023-04-16,CUST_496,Office Supplies,Notebooks,1258.7,6,421.33,Central,70.22,2023,4,0
ORD_00154,2021-07-22,CUST_309,Technology,Computers,777.37,6,466.29,West,77.72,2021,7,1
ORD_00155,2021-05-03,CUST_260,Office Supplies,Chairs,1873.17,9,220.8,East,24.53,2021,5,0
ORD_00156,2022-02-05,CUST_115,Furniture,Chairs,1088.56,4,335.48,East,83.87,2022,2,1
ORD_00157,2023-02-06,CUST_207,Office Supplies,Notebooks,1879.91,2,420.55,West,210.28,2023,2,0
ORD_00158,2021-10-21,CUST_481,Office Supplies,Desks,448.76,9,180.06,South,20.01,2021,10,0
ORD_00159,2021-10-07,CUST_410,Furniture,Desks,1454.19,2,120.18,West,60.09,2021,10,2
ORD_00160,2023-06-03,CUST_326,Technology,Chairs,1238.33,9,465.2,West,51.69,2023,6,0
ORD_00161,2021-07-17,CUST_269,Technology,Chairs,1481.42,2,233.62,South,116.81,2021,7,0
ORD_00162,2023-09-09,CUST_133,Office Supplies,Paper,437.19,8,223.49,West,27.94,2023,9,1
ORD_00163,2023-01-22,CUST_350,Furniture,Desks,1333.34,9,48.13,South,5.35,2023,1,0
ORD_00164,2021-05-24,CUST_346,Technology,Notebooks,1001.1,9,9.49,South,1.05,2021,5,1
ORD_00165,2022-09-01,CUST_368,Office Supplies,Desks,1488.22,9,413.16,West,45.91,2022,9,0
ORD_00166,2021-07-06,CUST_240,Furniture,Paper,660.82,2,287.77,Central,143.88,2021,7,2
ORD_00167,2022-04-09,CUST_373,Technology,Computers,1781.21,4,129.2,South,32.3,2022,4,2
ORD_00168,2022-10-22,CUST_195,Technology,Chairs,177.76,7,55.45,West,7.92,2022,10,1
ORD_00169,2023-02-03,CUST_326,Furniture,Chairs,1616.31,2,255.52,South,127.76,2023,2,0
ORD_00170,2023-08-13,CUST_478,Furniture,Paper,1724.03,1,271.16,Central,271.16,2023,8,0
ORD_00171,2022-02-07,CUST_138,Furniture,Notebooks,1636.33,3,63.85,Central,21.28,2022,2,0
ORD_00172,2021-05-27,CUST_401,Furniture,Chairs,1030.33,4,418.27,East,104.57,2021,5,2
ORD_00173,2023-05-14,CUST_128,Office Supplies,Phones,882.39,8,-3.65,South,-0.46,2023,5,2
ORD_00174,2022-05-04,CUST_417,Furniture,Chairs,1992.56,6,145.85,South,24.31,2022,5,0
ORD_00175,2023-07-18,CUST_344,Technology,Phones,466.05,2,324.21,West,162.1,2023,7,2
ORD_00176,2022-07-05,CUST_335,Technology,Paper,1098.28,9,100.77,South,11.2,2022,7,0
ORD_00177,2021-12-04,CUST_284,Office Supplies,Paper,1344.64,2,405.22,East,202.61,2021,12,2
ORD_00178,2023-05-22,CUST_371,Technology,Chairs,1404.73,5,356.93,Central,71.39,2023,5,1
ORD_00179,2022-10-03,CUST_335,Technology,Desks,416.01,4,383.96,Central,95.99,2022,10,0
ORD_00180,2022-04-18,CUST_338,Furniture,Phones,1311.45,7,15.51,East,2.22,2022,4,2
ORD_00181,2021-05-31,CUST_476,Technology,Notebooks,1638.56,8,27.3,South,3.41,2021,5,2
ORD_00182,2021-09-20,CUST_365,Office Supplies,Chairs,109.54,5,107.56,South,21.51,2021,9,2
ORD_00183,2021-05-24,CUST_458,Furniture,Notebooks,1823.93,5,234.94,East,46.99,2021,5,2
ORD_00184,2021-12-12,CUST_439,Furniture,Chairs,68.71,2,361.41,West,180.7,2021,12,2
ORD_00185,2022-09-16,CUST_488,Office Supplies,Desks,718.38,8,410.09,Central,51.26,2022,9,1
ORD_00186,2023-10-14,CUST_164,Furniture,Desks,41.47,2,337.38,East,168.69,2023,10,1
ORD_00187,2023-05-31,CUST_276,Furniture,Desks,163.52,6,460.73,East,76.79,2023,5,2
ORD_00188,2021-01-02,CUST_102,Office Supplies,Computers,1823.22,8,356.31,South,44.54,2021,1,0
ORD_00189,2023-06-16,CUST_241,Furniture,Desks,716.17,6,118.45,Central,19.74,2023,6,1
ORD_00190,2021-09-11,CUST_475,Office Supplies,Paper,855.3,4,95.79,South,23.95,2021,9,2
ORD_00191,2022-03-29,CUST_257,Office Supplies,Paper,438.54,4,332.91,East,83.23,2022,3,2
ORD_00192,2023-11-27,CUST_423,Technology,Computers,1198.22,6,56.08,West,9.35,2023,11,2
ORD_00193,2023-10-12,CUST_245,Technology,Phones,1193.66,4,0.99,Central,0.25,2023,10,0
ORD_00194,2021-01-09,CUST_392,Furniture,Notebooks,750.68,8,242.72,East,30.34,2021,1,0
ORD_00195,2023-03-27,CUST_252,Furniture,Chairs,672.74,9,401.9,East,44.66,2023,3,0
ORD_00196,2021-07-27,CUST_292,Office Supplies,Chairs,1771.08,1,5.76,West,5.76,2021,7,2
ORD_00197,2022-02-08,CUST_172,Furniture,Computers,772.74,4,385.54,East,96.38,2022,2,0
ORD_00198,2021-06-01,CUST_498,Office Supplies,Paper,992.07,4,396.36,East,99.09,2021,6,2
ORD_00199,2021-02-23,CUST_404,Office Supplies,Chairs,573.78,2,215.25,Central,107.62,2021,2,0
ORD_00200,2022-09-20,CUST_476,Furniture,Paper,1575.67,6,-18.48,Central,-3.08,2022,9,2
ORD_00201,2022-08-10,CUST_443,Office Supplies,Phones,800.92,3,46.02,Central,15.34,2022,8,0
ORD_00202,2021-04-14,CUST_239,Technology,Notebooks,1032.09,7,339.08,South,48.44,2021,4,1
ORD_00203,2021-09-11,CUST_286,Furniture,Phones,514.18,5,341.48,West,68.3,2021,9,1
ORD_00204,2022-05-25,CUST_392,Technology,Computers,1975.44,4,444.1,Central,111.02,2022,5,0
ORD_00205,2021-04-09,CUST_160,Furniture,Desks,590.08,5,270.48,South,54.1,2021,4,2
ORD_00206,2021-06-02,CUST_479,Office Supplies,Desks,1543.78,8,18.26,South,2.28,2021,6,2
ORD_00207,2023-07-03,CUST_297,Furniture,Desks,860.72,3,16.78,West,5.59,2023,7,2
ORD_00208,2023-05-28,CUST_394,Technology,Phones,420.37,7,346.62,West,49.52,2023,5,2
ORD_00209,2021-12-04,CUST_418,Office Supplies,Chairs,1601.44,6,51.08,East,8.51,2021,12,2
ORD_00210,2023-04-02,CUST_401,Furniture,Notebooks,673.88,1,130.61,South,130.61,2023,4,2
ORD_00211,2023-08-15,CUST_443,Furniture,Desks,1731.73,7,217.97,Central,31.14,2023,8,0
ORD_00212,2021-06-10,CUST_110,Furniture,Computers,1831.36,7,-36.38,West,-5.2,2021,6,0
ORD_00213,2023-03-12,CUST_161,Technology,Computers,1721.05,1,86.85,South,86.85,2023,3,2
ORD_00214,2022-02-02,CUST_432,Technology,Desks,79.67,9,174.34,Central,19.37,2022,2,1
ORD_00215,2023-03-27,CUST_325,Furniture,Desks,1576.87,6,103.8,South,17.3,2023,3,0
ORD_00216,2022-02-05,CUST_252,Office Supplies,Notebooks,828.57,2,25.0,West,12.5,2022,2,0
ORD_00217,2022-10-02,CUST_298,Office Supplies,Desks,1748.71,5,350.41,East,70.08,2022,10,0
ORD_00218,2023-11-23,CUST_151,Technology,Notebooks,1279.53,4,397.23,South,99.31,2023,11,1
ORD_00219,2022-11-19,CUST_359,Office Supplies,Computers,1668.95,7,91.61,Central,13.09,2022,11,1
ORD_00220,2022-04-05,CUST_158,Technology,Desks,1003.87,8,375.93,West,46.99,2022,4,0
ORD_00221,2023-08-13,CUST_171,Furniture,Phones,1074.7,1,162.05,East,162.05,2023,8,0
ORD_00222,2022-04-15,CUST_247,Technology,Phones,297.33,5,228.68,Central,45.74,2022,4,2
ORD_00223,2023-11-12,CUST_448,Technology,Computers,1570.13,3,420.8,Central,140.27,2023,11,2
ORD_00224,2023-01-20,CUST_162,Furniture,Notebooks,844.59,1,362.47,Central,362.47,2023,1,1
ORD_00225,2021-02-07,CUST_409,Office Supplies,Phones,1005.16,3,392.81,South,130.94,2021,2,0
ORD_00226,2021-08-18,CUST_472,Technology,Notebooks,1572.34,6,25.26,West,4.21,2021,8,1
ORD_00227,2022-07-17,CUST_342,Technology,Phones,1201.7,7,-11.65,Central,-1.66,2022,7,2
ORD_00228,2022-03-14,CUST_465,Furniture,Phones,410.19,8,441.37,South,55.17,2022,3,1
ORD_00229,2021-01-27,CUST_429,Office Supplies,Notebooks,1184.56,4,163.31,West,40.83,2021,1,2
ORD_00230,2021-08-14,CUST_206,Technology,Chairs,821.19,3,108.33,West,36.11,2021,8,2
ORD_00231,2023-03-09,CUST_325,Furniture,Phones,944.36,5,348.58,South,69.72,2023,3,0
ORD_00232,2021-10-11,CUST_412,Technology,Desks,66.34,9,410.03,South,45.56,2021,10,2
ORD_00233,2023-05-29,CUST_317,Furniture,Computers,427.96,6,424.37,Central,70.73,2023,5,1
ORD_00234,2023-08-18,CUST_340,Office Supplies,Chairs,569.27,9,123.8,West,13.76,2023,8,2
ORD_00235,2022-03-29,CUST_358,Office Supplies,Notebooks,1428.79,6,418.72,East,69.79,2022,3,1
ORD_00236,2023-10-17,CUST_475,Office Supplies,Chairs,32.87,2,-27.49,South,-13.74,2023,10,2
ORD_00237,2023-03-27,CUST_361,Office Supplies,Paper,823.47,5,-22.69,West,-4.54,2023,3,0
ORD_00238,2022-10-21,CUST_104,Technology,Paper,1848.81,9,292.94,West,32.55,2022,10,2
ORD_00239,2022-07-01,CUST_360,Technology,Phones,232.64,8,-15.29,Central,-1.91,2022,7,2
ORD_00240,2023-12-09,CUST_153,Office Supplies,Phones,1037.68,7,128.54,East,18.36,2023,12,1
ORD_00241,2021-01-17,CUST_146,Office Supplies,Desks,1575.18,1,320.02,Central,320.02,2021,1,2
ORD_00242,2021-06-07,CUST_314,Office Supplies,Computers,1885.64,4,135.5,East,33.88,2021,6,2
ORD_00243,2022-04-22,CUST_276,Technology,Chairs,1496.09,7,48.78,East,6.97,2022,4,2
ORD_00244,2023-12-06,CUST_108,Office Supplies,Paper,1443.93,7,104.74,South,14.96,2023,12,0
ORD_00245,2022-06-02,CUST_198,Office Supplies,Phones,1654.71,6,201.67,West,33.61,2022,6,1
ORD_00246,2021-04-09,CUST_119,Office Supplies,Computers,897.94,8,211.46,West,26.43,2021,4,2
ORD_00247,2023-11-27,CUST_477,Furniture,Chairs,1613.63,6,380.65,West,63.44,2023,11,0
ORD_00248,2021-10-07,CUST_340,Office Supplies,Phones,25.85,3,362.58,East,120.86,2021,10,2
ORD_00249,2022-05-12,CUST_160,Furniture,Phones,1849.88,4,201.25,West,50.31,2022,5,2
ORD_00250,2021-10-29,CUST_478,Furniture,Paper,892.18,3,415.12,South,138.37,2021,10,0
ORD_00251,2021-06-30,CUST_277,Office Supplies,Paper,1111.23,1,12.83,East,12.83,2021,6,2
ORD_00252,2022-08-30,CUST_437,Furniture,Phones,517.22,5,90.44,East,18.09,2022,8,1
ORD_00253,2022-12-01,CUST_161,Office Supplies,Notebooks,1487.64,1,405.39,East,405.39,2022,12,2
ORD_00254,2023-09-20,CUST_244,Technology,Phones,162.51,1,157.9,East,157.9,2023,9,0
ORD_00255,2021-07-10,CUST_315,Technology,Computers,1746.55,2,489.65,South,244.82,2021,7,2
ORD_00256,2021-09-10,CUST_102,Technology,Phones,1657.95,4,206.44,West,51.61,2021,9,0
ORD_00257,2023-09-08,CUST_259,Technology,Desks,439.96,6,385.56,South,64.26,2023,9,0
ORD_00258,2023-07-17,CUST_326,Furniture,Desks,1620.56,8,171.27,West,21.41,2023,7,0
ORD_00259,2021-05-08,CUST_368,Office Supplies,Desks,1574.85,3,183.72,South,61.24,2021,5,0
ORD_00260,2021-01-18,CUST_219,Office Supplies,Notebooks,1268.11,1,160.59,Central,160.59,2021,1,2
ORD_00261,2022-07-20,CUST_480,Office Supplies,Notebooks,753.31,3,345.49,Central,115.16,2022,7,0
ORD_00262,2022-07-24,CUST_188,Technology,Phones,550.28,3,251.13,Central,83.71,2022,7,0
ORD_00263,2022-11-17,CUST_428,Technology,Desks,471.25,5,469.08,Central,93.82,2022,11,1
ORD_00264,2022-09-18,CUST_167,Office Supplies,Notebooks,644.03,4,87.99,East,22.0,2022,9,1
ORD_00265,2023-05-04,CUST_497,Technology,Paper,1808.08,4,5.31,East,1.33,2023,5,1
ORD_00266,2023-08-20,CUST_456,Office Supplies,Phones,164.51,9,166.29,South,18.48,2023,8,1
ORD_00267,2021-06-04,CUST_197,Office Supplies,Computers,1659.45,7,289.19,South,41.31,2021,6,0
ORD_00268,2022-05-05,CUST_366,Office Supplies,Chairs,704.29,4,423.44,Central,105.86,2022,5,2
ORD_00269,2023-02-24,CUST_204,Office Supplies,Phones,1047.98,3,140.41,West,46.8,2023,2,2
ORD_00270,2021-09-03,CUST_422,Office Supplies,Chairs,1591.03,6,309.58,Central,51.6,2021,9,2
ORD_00271,2023-11-29,CUST_222,Office Supplies,Desks,1769.91,3,142.61,South,47.54,2023,11,2
ORD_00272,2023-01-29,CUST_128,Office Supplies,Chairs,696.12,6,289.47,Central,48.24,2023,1,2
ORD_00273,2022-06-22,CUST_236,Technology,Desks,929.07,9,436.64,South,48.52,2022,6,2
ORD_00274,2023-07-10,CUST_294,Office Supplies,Paper,834.89,6,77.25,Central,12.88,2023,7,2
ORD_00275,2022-02-12,CUST_325,Office Supplies,Chairs,36.37,4,172.33,West,43.08,2022,2,0
ORD_00276,2022-06-09,CUST_431,Technology,Phones,598.93,5,496.3,Central,99.26,2022,6,2
ORD_00277,2023-04-08,CUST_269,Technology,Desks,923.79,6,427.71,West,71.28,2023,4,0
ORD_00278,2023-06-22,CUST_108,Technology,Phones,828.08,3,260.55,West,86.85,2023,6,0
ORD_00279,2021-02-05,CUST_139,Office Supplies,Notebooks,1446.64,8,234.15,South,29.27,2021,2,0
ORD_00280,2022-11-16,CUST_124,Furniture,Desks,775.76,4,106.53,West,26.63,2022,11,2
ORD_00281,2021-01-20,CUST_360,Furniture,Chairs,983.86,8,234.47,East,29.31,2021,1,2
ORD_00282,2021-11-17,CUST_494,Technology,Desks,864.92,3,416.5,East,138.83,2021,11,2
ORD_00283,2022-05-27,CUST_325,Furniture,Phones,1483.85,7,326.85,East,46.69,2022,5,0
ORD_00284,2022-02-04,CUST_223,Technology,Paper,1727.32,9,109.52,South,12.17,2022,2,2
ORD_00285,2022-10-16,CUST_137,Office Supplies,Desks,1068.46,4,60.81,East,15.2,2022,10,1
ORD_00286,2023-08-30,CUST_427,Furniture,Chairs,1580.97,8,95.86,South,11.98,2023,8,0
ORD_00287,2022-04-16,CUST_350,Office Supplies,Notebooks,600.61,3,43.37,South,14.46,2022,4,0
ORD_00288,2023-04-14,CUST_488,Furniture,Computers,1087.33,7,2.6,East,0.37,2023,4,1
ORD_00289,2022-12-28,CUST_275,Office Supplies,Paper,697.01,3,180.52,West,60.17,2022,12,2
ORD_00290,2023-05-04,CUST_189,Furniture,Notebooks,834.26,7,12.31,Central,1.76,2023,5,2
ORD_00291,2021-02-20,CUST_136,Office Supplies,Desks,1467.5,6,44.55,South,7.42,2021,2,2
ORD_00292,2022-07-29,CUST_415,Office Supplies,Phones,1764.51,2,251.03,East,125.52,2022,7,0
ORD_00293,2021-05-30,CUST_275,Furniture,Phones,251.78,3,40.53,South,13.51,2021,5,2
ORD_00294,2021-11-10,CUST_383,Office Supplies,Chairs,1272.93,6,-14.87,West,-2.48,2021,11,2
ORD_00295,2022-07-24,CUST_180,Office Supplies,Phones,1168.47,4,124.56,West,31.14,2022,7,2
ORD_00296,2021-11-01,CUST_213,Office Supplies,Paper,245.65,6,71.18,East,11.86,2021,11,1
ORD_00297,2022-11-13,CUST_139,Furniture,Phones,431.67,1,233.42,South,233.42,2022,11,0
ORD_00298,2023-04-18,CUST_400,Furniture,Chairs,628.89,1,6.3,Central,6.3,2023,4,0
ORD_00299,2023-12-14,CUST_323,Office Supplies,Computers,342.19,3,363.47,Central,121.16,2023,12,2
ORD_00300,2023-09-30,CUST_417,Office Supplies,Desks,495.02,8,448.43,South,56.05,2023,9,0
ORD_00301,2022-03-20,CUST_448,Furniture,Desks,542.53,8,358.89,South,44.86,2022,3,2
ORD_00302,2022-09-05,CUST_214,Furniture,Phones,677.99,4,243.05,South,60.76,2022,9,1
ORD_00303,2023-09-20,CUST_285,Office Supplies,Notebooks,1501.29,6,423.37,East,70.56,2023,9,2
ORD_00304,2021-09-21,CUST_422,Office Supplies,Desks,1148.11,8,332.21,West,41.53,2021,9,2
ORD_00305,2023-12-13,CUST_155,Office Supplies,Computers,1972.63,7,-44.2,Central,-6.31,2023,12,1
ORD_00306,2023-10-01,CUST_139,Technology,Phones,835.32,7,166.75,East,23.82,2023,10,0
ORD_00307,2021-01-05,CUST_453,Furniture,Chairs,1510.19,4,418.02,South,104.5,2021,1,2
ORD_00308,2023-02-13,CUST_139,Technology,Computers,1744.22,9,140.22,South,15.58,2023,2,0
ORD_00309,2023-05-27,CUST_446,Furniture,Phones,1361.17,6,-30.63,West,-5.1,2023,5,1
ORD_00310,2023-09-19,CUST_336,Furniture,Computers,829.61,3,360.4,South,120.13,2023,9,2
ORD_00311,2023-06-03,CUST_388,Furniture,Desks,1509.65,5,391.12,East,78.22,2023,6,0
ORD_00312,2021-02-16,CUST_361,Furniture,Chairs,415.3,5,38.33,East,7.67,2021,2,0
ORD_00313,2023-05-17,CUST_315,Furniture,Phones,661.83,5,245.54,West,49.11,2023,5,2
ORD_00314,2023-04-03,CUST_246,Furniture,Paper,1097.9,8,55.58,East,6.95,2023,4,0
ORD_00315,2023-07-25,CUST_435,Furniture,Chairs,1155.06,9,345.58,Central,38.4,2023,7,2
ORD_00316,2022-10-18,CUST_267,Technology,Paper,54.06,9,99.35,East,11.04,2022,10,1
ORD_00317,2021-09-26,CUST_191,Office Supplies,Computers,1890.78,6,123.92,East,20.65,2021,9,2
ORD_00318,2022-01-05,CUST_452,Office Supplies,Notebooks,1396.29,6,414.73,East,69.12,2022,1,2
ORD_00319,2022-09-28,CUST_158,Technology,Chairs,996.45,9,211.98,Central,23.55,2022,9,0
ORD_00320,2022-10-19,CUST_158,Technology,Computers,1866.92,4,318.36,South,79.59,2022,10,0
ORD_00321,2021-04-30,CUST_403,Technology,Paper,883.8,6,171.31,East,28.55,2021,4,0
ORD_00322,2023-04-11,CUST_268,Technology,Desks,1961.07,4,113.9,West,28.48,2023,4,1
ORD_00323,2023-12-18,CUST_368,Furniture,Desks,1029.45,1,294.01,Central,294.01,2023,12,0
ORD_00324,2023-01-11,CUST_462,Office Supplies,Notebooks,237.43,7,35.17,West,5.02,2023,1,1
ORD_00325,2021-04-27,CUST_144,Furniture,Chairs,1531.95,6,155.15,East,25.86,2021,4,2
ORD_00326,2023-03-02,CUST_444,Office Supplies,Chairs,1361.01,9,64.97,West,7.22,2023,3,0
ORD_00327,2023-10-10,CUST_280,Office Supplies,Chairs,1548.24,7,332.69,East,47.53,2023,10,0
ORD_00328,2023-12-18,CUST_269,Technology,Computers,1903.37,7,469.31,Central,67.04,2023,12,0
ORD_00329,2022-09-26,CUST_455,Furniture,Notebooks,1555.21,2,497.53,West,248.76,2022,9,2
ORD_00330,2022-05-28,CUST_290,Technology,Chairs,1226.56,9,197.65,West,21.96,2022,5,1
ORD_00331,2023-03-13,CUST_254,Furniture,Computers,1716.04,9,88.89,East,9.88,2023,3,1
ORD_00332,2022-07-14,CUST_287,Office Supplies,Desks,1349.76,6,193.56,East,32.26,2022,7,0
ORD_00333,2022-05-03,CUST_106,Technology,Paper,822.16,3,416.0,South,138.67,2022,5,2
ORD_00334,2023-06-16,CUST_232,Technology,Computers,1772.38,1,63.3,East,63.3,2023,6,2
ORD_00335,2022-12-05,CUST_334,Office Supplies,Desks,451.58,4,473.65,East,118.41,2022,12,1
ORD_00336,2022-08-04,CUST_144,Office Supplies,Desks,1432.14,3,138.03,South,46.01,2022,8,2
ORD_00337,2023-03-01,CUST_413,Office Supplies,Paper,1764.31,1,492.19,East,492.19,2023,3,2
ORD_00338,2023-05-11,CUST_348,Technology,Desks,1465.32,3,411.23,East,137.08,2023,5,1
ORD_00339,2021-09-04,CUST_130,Furniture,Notebooks,1397.58,4,394.71,South,98.68,2021,9,1
ORD_00340,2021-06-03,CUST_122,Technology,Paper,1507.75,8,124.85,Central,15.61,2021,6,1
ORD_00341,2023-09-24,CUST_493,Furniture,Desks,935.46,9,-45.17,Central,-5.02,2023,9,2
ORD_00342,2022-11-28,CUST_259,Technology,Phones,1749.6,3,160.17,East,53.39,2022,11,0
ORD_00343,2023-12-29,CUST_462,Technology,Computers,414.84,6,116.0,East,19.33,2023,12,1
ORD_00344,2023-12-07,CUST_257,Office Supplies,Desks,263.5,5,-29.43,South,-5.89,2023,12,2
ORD_00345,2023-10-06,CUST_138,Furniture,Notebooks,578.16,6,227.95,South,37.99,2023,10,0
ORD_00346,2021-04-04,CUST_181,Technology,Chairs,1067.84,4,171.67,Central,42.92,2021,4,0
ORD_00347,2023-08-16,CUST_455,Technology,Desks,1026.02,6,299.01,West,49.84,2023,8,2
ORD_00348,2023-10-09,CUST_357,Office Supplies,Chairs,1642.99,7,291.65,East,41.66,2023,10,1
ORD_00349,2022-03-29,CUST_305,Office Supplies,Phones,815.09,9,16.41,West,1.82,2022,3,2
ORD_00350,2023-07-01,CUST_176,Furniture,Desks,973.85,7,487.33,West,69.62,2023,7,0
ORD_00351,2021-08-06,CUST_111,Technology,Paper,36.6,6,52.81,South,8.8,2021,8,0
ORD_00352,2022-04-19,CUST_394,Furniture,Chairs,825.38,1,194.9,East,194.9,2022,4,2
ORD_00353,2022-03-08,CUST_323,Technology,Phones,1299.07,2,218.46,East,109.23,2022,3,2
ORD_00354,2021-12-07,CUST_112,Furniture,Paper,40.86,1,397.18,South,397.18,2021,12,1
ORD_00355,2022-07-05,CUST_145,Office Supplies,Paper,568.96,9,4.58,West,0.51,2022,7,0
ORD_00356,2021-12-23,CUST_254,Technology,Paper,423.83,9,185.75,South,20.64,2021,12,1
ORD_00357,2021-01-23,CUST_212,Furniture,Paper,93.55,7,295.68,Central,42.24,2021,1,1
ORD_00358,2022-06-06,CUST_332,Office Supplies,Desks,963.73,2,68.34,East,34.17,2022,6,2
ORD_00359,2023-03-13,CUST_116,Office Supplies,Computers,371.63,6,295.11,Central,49.18,2023,3,2
ORD_00360,2023-02-01,CUST_459,Furniture,Desks,1488.73,4,458.02,South,114.5,2023,2,2
ORD_00361,2022-03-18,CUST_322,Technology,Desks,1697.38,1,498.63,East,498.63,2022,3,0
ORD_00362,2023-02-08,CUST_453,Technology,Phones,1095.71,1,-32.15,Central,-32.15,2023,2,2
ORD_00363,2023-10-13,CUST_287,Office Supplies,Phones,1963.6,5,79.57,Central,15.91,2023,10,0
ORD_00364,2022-05-31,CUST_443,Technology,Computers,906.45,2,120.67,West,60.34,2022,5,0
ORD_00365,2023-11-06,CUST_464,Technology,Phones,1031.6,4,169.52,East,42.38,2023,11,2
ORD_00366,2023-03-03,CUST_262,Technology,Notebooks,1978.54,1,83.24,Central,83.24,2023,3,2
ORD_00367,2021-12-02,CUST_425,Office Supplies,Computers,470.78,4,61.92,Central,15.48,2021,12,2
ORD_00368,2021-09-15,CUST_173,Furniture,Phones,1885.67,6,475.0,West,79.17,2021,9,1
ORD_00369,2022-05-12,CUST_332,Technology,Computers,95.25,4,455.19,Central,113.8,2022,5,2
ORD_00370,2023-06-15,CUST_323,Office Supplies,Desks,898.31,1,-24.15,Central,-24.15,2023,6,2
ORD_00371,2021-06-09,CUST_418,Office Supplies,Desks,149.31,7,136.35,Central,19.48,2021,6,2
ORD_00372,2023-05-02,CUST_159,Furniture,Computers,1461.18,2,172.83,West,86.42,2023,5,2
ORD_00373,2022-11-21,CUST_434,Technology,Notebooks,1220.73,9,81.46,Central,9.05,2022,11,2
ORD_00374,2022-01-15,CUST_321,Technology,Notebooks,1416.2,3,295.88,Central,98.63,2022,1,2
ORD_00375,2023-08-15,CUST_136,Furniture,Computers,755.22,8,302.21,East,37.78,2023,8,2
ORD_00376,2022-11-22,CUST_377,Furniture,Phones,745.27,8,417.78,East,52.22,2022,11,1
ORD_00377,2023-12-03,CUST_295,Office Supplies,Chairs,100.19,3,357.48,West,119.16,2023,12,1
ORD_00378,2021-10-12,CUST_451,Office Supplies,Notebooks,706.39,4,248.42,South,62.1,2021,10,2
ORD_00379,2022-02-01,CUST_341,Furniture,Paper,1859.28,2,309.47,East,154.74,2022,2,0
ORD_00380,2021-01-12,CUST_423,Technology,Desks,764.66,4,100.69,West,25.17,2021,1,2
ORD_00381,2022-05-14,CUST_318,Office Supplies,Computers,1664.42,9,276.18,Central,30.69,2022,5,1
ORD_00382,2023-01-24,CUST_291,Office Supplies,Paper,1686.23,2,219.07,Central,109.54,2023,1,2
ORD_00383,2021-02-04,CUST_116,Technology,Computers,752.75,3,23.34,West,7.78,2021,2,2
ORD_00384,2022-12-28,CUST_111,Office Supplies,Desks,1267.66,4,83.4,Central,20.85,2022,12,0
ORD_00385,2023-04-29,CUST_493,Technology,Desks,199.79,5,110.43,Central,22.09,2023,4,2
ORD_00386,2021-03-31,CUST_473,Technology,Notebooks,216.32,1,458.37,South,458.37,2021,3,0
ORD_00387,2023-02-15,CUST_292,Technology,Notebooks,106.83,7,76.71,Central,10.96,2023,2,2
ORD_00388,2022-08-28,CUST_121,Furniture,Paper,1166.22,7,109.08,East,15.58,2022,8,2
ORD_00389,2023-08-28,CUST_219,Furniture,Computers,857.88,9,153.14,Central,17.02,2023,8,2
ORD_00390,2023-10-19,CUST_309,Furniture,Desks,1100.58,4,315.06,West,78.76,2023,10,1
ORD_00391,2022-02-22,CUST_405,Technology,Paper,1046.94,6,15.03,South,2.5,2022,2,1
ORD_00392,2021-04-25,CUST_369,Technology,Chairs,706.9,2,474.67,Central,237.34,2021,4,2
ORD_00393,2022-09-09,CUST_291,Furniture,Paper,1358.17,4,426.06,West,106.52,2022,9,2
ORD_00394,2023-04-06,CUST_274,Office Supplies,Phones,1519.42,2,267.47,East,133.74,2023,4,0
ORD_00395,2022-02-17,CUST_384,Technology,Paper,39.11,5,320.72,Central,64.14,2022,2,0
ORD_00396,2022-12-30,CUST_303,Office Supplies,Phones,422.41,7,-40.84,South,-5.83,2022,12,2
ORD_00397,2023-10-18,CUST_263,Office Supplies,Phones,1429.34,1,136.42,Central,136.42,2023,10,0
ORD_00398,2023-01-31,CUST_350,Technology,Phones,779.37,7,387.61,West,55.37,2023,1,0
ORD_00399,2022-11-07,CUST_326,Technology,Chairs,1328.34,6,-7.38,South,-1.23,2022,11,0
ORD_00400,2022-04-02,CUST_480,Office Supplies,Paper,700.46,6,105.27,Central,17.54,2022,4,0
ORD_00401,2023-07-09,CUST_106,Office Supplies,Paper,787.6,8,271.91,East,33.99,2023,7,2
ORD_00402,2021-07-11,CUST_128,Furniture,Chairs,325.77,8,91.03,South,11.38,2021,7,2
ORD_00403,2023-01-09,CUST_494,Furniture,Desks,523.88,6,463.69,East,77.28,2023,1,2
ORD_00404,2023-09-05,CUST_132,Technology,Notebooks,1214.77,3,22.08,West,7.36,2023,9,1
ORD_00405,2023-10-06,CUST_233,Furniture,Paper,871.99,5,388.57,Central,77.71,2023,10,1
ORD_00406,2021-04-06,CUST_466,Furniture,Notebooks,1550.86,2,229.37,East,114.68,2021,4,2
ORD_00407,2022-10-25,CUST_178,Furniture,Computers,1706.64,5,362.68,West,72.54,2022,10,2
ORD_00408,2021-02-06,CUST_157,Furniture,Computers,1087.88,9,120.89,Central,13.43,2021,2,2
ORD_00409,2021-10-06,CUST_125,Office Supplies,Chairs,1518.95,1,232.97,West,232.97,2021,10,0
ORD_00410,2021-08-05,CUST_325,Technology,Computers,620.74,5,421.26,East,84.25,2021,8,0
ORD_00411,2023-05-17,CUST_384,Furniture,Computers,835.79,6,206.78,West,34.46,2023,5,0
ORD_00412,2023-05-23,CUST_103,Office Supplies,Desks,1428.43,7,147.85,South,21.12,2023,5,2
ORD_00413,2021-03-03,CUST_198,Office Supplies,Desks,778.56,9,244.89,Central,27.21,2021,3,1
ORD_00414,2022-08-19,CUST_496,Office Supplies,Desks,1181.12,6,344.55,West,57.42,2022,8,0
ORD_00415,2022-12-30,CUST_138,Furniture,Computers,378.89,5,193.96,East,38.79,2022,12,0
ORD_00416,2022-02-01,CUST_370,Furniture,Chairs,1203.54,7,466.38,Central,66.63,2022,2,0
ORD_00417,2022-11-30,CUST_474,Technology,Phones,1724.41,1,112.22,South,112.22,2022,11,0
ORD_00418,2023-11-09,CUST_384,Furniture,Phones,1738.59,5,211.5,Central,42.3,2023,11,0
ORD_00419,2021-06-26,CUST_256,Furniture,Notebooks,1451.45,2,366.31,South,183.16,2021,6,2
ORD_00420,2022-01-31,CUST_174,Office Supplies,Phones,1494.05,4,329.02,Central,82.26,2022,1,1
ORD_00421,2022-03-21,CUST_471,Technology,Phones,1120.28,7,425.0,West,60.71,2022,3,2
ORD_00422,2021-03-17,CUST_387,Furniture,Desks,1173.49,5,498.25,West,99.65,2021,3,2
ORD_00423,2021-09-22,CUST_229,Furniture,Desks,275.96,6,184.77,East,30.8,2021,9,2
ORD_00424,2022-03-31,CUST_274,Office Supplies,Computers,893.28,2,11.13,South,5.56,2022,3,0
ORD_00425,2022-12-19,CUST_183,Office Supplies,Notebooks,907.04,3,-33.27,East,-11.09,2022,12,0
ORD_00426,2023-01-05,CUST_121,Furniture,Paper,1917.41,7,349.78,West,49.97,2023,1,2
ORD_00427,2023-05-01,CUST_126,Technology,Notebooks,867.86,2,430.71,South,215.36,2023,5,0
ORD_00428,2021-05-24,CUST_294,Technology,Notebooks,1103.19,6,71.39,East,11.9,2021,5,2
ORD_00429,2023-06-04,CUST_436,Office Supplies,Chairs,1071.17,5,37.15,East,7.43,2023,6,2
ORD_00430,2023-12-29,CUST_481,Office Supplies,Computers,1277.16,1,-15.79,East,-15.79,2023,12,0
ORD_00431,2022-01-31,CUST_335,Furniture,Chairs,1498.98,4,402.49,East,100.62,2022,1,0
ORD_00432,2023-11-15,CUST_191,Office Supplies,Notebooks,457.83,2,121.26,East,60.63,2023,11,2
ORD_00433,2023-08-06,CUST_120,Furniture,Notebooks,1062.16,4,170.93,South,42.73,2023,8,2
ORD_00434,2023-06-10,CUST_402,Technology,Notebooks,1653.58,1,226.51,East,226.51,2023,6,0
ORD_00435,2022-07-23,CUST_456,Technology,Phones,931.6,2,411.7,South,205.85,2022,7,1
ORD_00436,2023-11-29,CUST_183,Furniture,Chairs,564.13,8,307.96,East,38.49,2023,11,0
ORD_00437,2021-04-19,CUST_361,Office Supplies,Notebooks,1312.87,6,288.29,West,48.05,2021,4,0
ORD_00438,2023-12-02,CUST_246,Technology,Desks,1649.3,2,46.62,West,23.31,2023,12,0
ORD_00439,2023-07-24,CUST_486,Office Supplies,Computers,135.65,6,232.25,East,38.71,2023,7,2
ORD_00440,2022-02-02,CUST_356,Technology,Computers,1555.81,9,343.46,Central,38.16,2022,2,2
ORD_00441,2022-09-26,CUST_157,Furniture,Desks,1645.08,7,485.29,West,69.33,2022,9,2
ORD_00442,2023-01-03,CUST_479,Furniture,Computers,928.43,9,60.77,South,6.75,2023,1,2
ORD_00443,2021-08-23,CUST_114,Furniture,Phones,1966.78,5,-44.75,East,-8.95,2021,8,2
ORD_00444,2022-10-20,CUST_261,Technology,Phones,1575.55,7,-8.58,South,-1.23,2022,10,1
ORD_00445,2023-01-21,CUST_262,Office Supplies,Paper,1549.59,7,156.72,Central,22.39,2023,1,2
ORD_00446,2022-08-11,CUST_419,Office Supplies,Paper,1498.2,3,401.3,East,133.77,2022,8,2
ORD_00447,2023-10-30,CUST_380,Office Supplies,Paper,309.71,7,-46.07,West,-6.58,2023,10,1
ORD_00448,2023-08-12,CUST_379,Technology,Computers,442.29,1,201.2,South,201.2,2023,8,1
ORD_00449,2022-05-07,CUST_111,Technology,Phones,933.34,9,131.08,West,14.56,2022,5,0
ORD_00450,2023-07-02,CUST_373,Technology,Phones,535.37,6,-21.14,West,-3.52,2023,7,2
ORD_00451,2021-06-19,CUST_370,Technology,Phones,836.33,5,197.63,East,39.53,2021,6,0
ORD_00452,2023-08-04,CUST_307,Technology,Desks,1778.04,7,90.11,South,12.87,2023,8,2
ORD_00453,2023-03-06,CUST_126,Office Supplies,Phones,1650.41,5,143.54,Central,28.71,2023,3,0
ORD_00454,2022-09-26,CUST_171,Technology,Desks,1263.78,5,338.09,West,67.62,2022,9,0
ORD_00455,2021-01-29,CUST_159,Technology,Paper,1717.66,7,236.85,East,33.84,2021,1,2
ORD_00456,2021-12-05,CUST_244,Office Supplies,Paper,1569.71,7,18.56,East,2.65,2021,12,0
ORD_00457,2022-05-15,CUST_192,Technology,Computers,863.68,3,478.78,Central,159.59,2022,5,0
ORD_00458,2022-05-26,CUST_408,Office Supplies,Paper,410.12,3,299.75,East,99.92,2022,5,1
ORD_00459,2021-08-05,CUST_107,Office Supplies,Computers,1033.26,3,371.23,West,123.74,2021,8,2
ORD_00460,2023-12-30,CUST_178,Furniture,Notebooks,1475.1,6,-6.43,East,-1.07,2023,12,2
ORD_00461,2022-03-21,CUST_126,Furniture,Notebooks,878.48,6,-24.12,South,-4.02,2022,3,0
ORD_00462,2023-05-26,CUST_273,Furniture,Chairs,1336.88,3,-39.3,South,-13.1,2023,5,1
ORD_00463,2021-06-16,CUST_149,Furniture,Computers,197.71,3,53.84,West,17.95,2021,6,2
ORD_00464,2021-04-01,CUST_298,Technology,Chairs,1498.53,8,177.92,South,22.24,2021,4,0
ORD_00465,2022-12-15,CUST_486,Furniture,Chairs,1627.3,8,464.7,Central,58.09,2022,12,2
ORD_00466,2021-02-08,CUST_448,Office Supplies,Notebooks,1416.61,7,201.38,East,28.77,2021,2,2
ORD_00467,2021-06-22,CUST_280,Technology,Computers,1934.85,4,109.64,West,27.41,2021,6,0
ORD_00468,2022-10-15,CUST_123,Furniture,Notebooks,1655.04,4,259.06,Central,64.76,2022,10,1
ORD_00469,2023-01-24,CUST_415,Office Supplies,Chairs,1807.16,3,11.56,East,3.85,2023,1,0
ORD_00470,2023-12-18,CUST_477,Technology,Computers,1867.81,5,285.23,Central,57.05,2023,12,0
ORD_00471,2022-04-21,CUST_486,Technology,Chairs,1604.68,3,262.64,West,87.55,2022,4,2
ORD_00472,2022-04-01,CUST_145,Furniture,Phones,1351.78,8,385.6,West,48.2,2022,4,0
ORD_00473,2023-04-09,CUST_114,Technology,Computers,21.38,7,492.68,Central,70.38,2023,4,2
ORD_00474,2023-06-14,CUST_252,Office Supplies,Computers,936.99,3,87.98,East,29.33,2023,6,0
ORD_00475,2023-10-22,CUST_321,Technology,Chairs,1146.61,9,230.31,South,25.59,2023,10,2
ORD_00476,2022-01-22,CUST_305,Office Supplies,Phones,615.02,5,449.88,South,89.98,2022,1,2
ORD_00477,2021-12-14,CUST_372,Technology,Desks,643.03,9,381.85,Central,42.43,2021,12,1
ORD_00478,2021-07-09,CUST_481,Furniture,Notebooks,1922.71,7,218.07,West,31.15,2021,7,0
ORD_00479,2022-05-20,CUST_335,Office Supplies,Chairs,1784.5,7,469.95,East,67.14,2022,5,0
ORD_00480,2023-04-04,CUST_439,Technology,Computers,1699.87,6,-18.52,East,-3.09,2023,4,2
ORD_00481,2023-07-18,CUST_327,Technology,Notebooks,817.96,2,462.05,West,231.02,2023,7,2
ORD_00482,2023-07-23,CUST_108,Technology,Notebooks,37.26,9,-22.22,South,-2.47,2023,7,0
ORD_00483,2021-05-14,CUST_265,Office Supplies,Notebooks,169.64,6,251.02,East,41.84,2021,5,1
ORD_00484,2021-02-27,CUST_418,Office Supplies,Desks,631.27,8,439.74,Central,54.97,2021,2,2
ORD_00485,2022-11-16,CUST_313,Office Supplies,Paper,41.33,1,94.5,South,94.5,2022,11,2
ORD_00486,2022-11-03,CUST_216,Furniture,Chairs,44.13,5,209.74,Central,41.95,2022,11,0
ORD_00487,2021-06-22,CUST_485,Furniture,Paper,1834.04,1,128.38,South,128.38,2021,6,1
ORD_00488,2023-03-26,CUST_443,Office Supplies,Paper,1415.26,8,473.68,West,59.21,2023,3,0
ORD_00489,2021-03-21,CUST_171,Technology,Paper,624.82,8,403.01,Central,50.38,2021,3,0
ORD_00490,2023-06-05,CUST_494,Furniture,Notebooks,273.96,1,339.95,Central,339.95,2023,6,2
ORD_00491,2021-07-22,CUST_163,Office Supplies,Phones,1028.16,9,273.19,West,30.35,2021,7,2
ORD_00492,2023-02-03,CUST_304,Technology,Notebooks,20.64,2,401.33,Central,200.66,2023,2,1
ORD_00493,2021-02-16,CUST_308,Furniture,Notebooks,1877.44,9,165.75,South,18.42,2021,2,1
ORD_00494,2022-10-18,CUST_171,Technology,Computers,835.48,1,196.15,East,196.15,2022,10,0
ORD_00495,2022-04-16,CUST_376,Technology,Computers,810.65,9,351.5,East,39.06,2022,4,2
ORD_00496,2023-08-29,CUST_373,Technology,Paper,787.28,4,146.77,West,36.69,2023,8,2
ORD_00497,2023-11-02,CUST_419,Technology,Notebooks,147.96,9,-14.85,South,-1.65,2023,11,2
ORD_00498,2023-01-06,CUST_437,Furniture,Paper,1280.26,7,-9.12,Central,-1.3,2023,1,1
ORD_00499,2023-02-23,CUST_465,Furniture,Computers,1468.68,6,13.45,Central,2.24,2023,2,1
ORD_00500,2023-08-26,CUST_194,Furniture,Phones,1355.49,5,428.32,East,85.66,2023,8,1
ORD_00501,2021-12-24,CUST_265,Office Supplies,Chairs,285.49,9,209.72,Central,23.3,2021,12,1
ORD_00502,2023-08-30,CUST_131,Furniture,Paper,1161.89,2,342.09,East,171.04,2023,8,1
ORD_00503,2022-10-30,CUST_110,Technology,Phones,1143.27,2,166.1,West,83.05,2022,10,0
ORD_00504,2022-01-08,CUST_400,Furniture,Chairs,1738.14,9,92.29,Central,10.25,2022,1,0
ORD_00505,2023-10-29,CUST_316,Technology,Desks,764.46,3,140.96,South,46.99,2023,10,2
ORD_00506,2022-11-07,CUST_388,Office Supplies,Paper,749.26,8,386.8,Central,48.35,2022,11,0
ORD_00507,2021-03-31,CUST_201,Technology,Paper,1240.87,9,293.87,East,32.65,2021,3,0
ORD_00508,2022-11-29,CUST_491,Technology,Desks,1269.81,8,465.7,West,58.21,2022,11,1
ORD_00509,2022-06-24,CUST_366,Technology,Desks,943.88,4,323.84,East,80.96,2022,6,2
ORD_00510,2023-01-02,CUST_313,Office Supplies,Paper,891.69,1,263.6,Central,263.6,2023,1,2
ORD_00511,2023-05-19,CUST_278,Furniture,Desks,993.35,4,285.61,East,71.4,2023,5,1
ORD_00512,2021-02-10,CUST_187,Furniture,Notebooks,1723.48,9,468.3,East,52.03,2021,2,1
ORD_00513,2023-01-10,CUST_140,Office Supplies,Chairs,927.72,2,383.51,West,191.76,2023,1,2
ORD_00514,2022-05-17,CUST_175,Technology,Chairs,1880.46,3,-36.78,South,-12.26,2022,5,0
ORD_00515,2023-08-17,CUST_476,Furniture,Chairs,1012.97,8,243.78,Central,30.47,2023,8,2
ORD_00516,2023-07-18,CUST_145,Office Supplies,Notebooks,1898.91,6,328.59,West,54.76,2023,7,0
ORD_00517,2022-04-06,CUST_259,Furniture,Desks,1667.34,8,361.78,South,45.22,2022,4,0
ORD_00518,2023-01-02,CUST_179,Office Supplies,Phones,731.24,7,67.23,East,9.6,2023,1,2
ORD_00519,2023-01-22,CUST_409,Technology,Desks,1728.65,5,426.95,South,85.39,2023,1,0
ORD_00520,2023-07-14,CUST_185,Furniture,Paper,229.03,9,475.71,East,52.86,2023,7,2
ORD_00521,2023-06-28,CUST_191,Office Supplies,Computers,1850.84,4,80.19,East,20.05,2023,6,2
ORD_00522,2022-01-25,CUST_247,Furniture,Chairs,1266.97,6,435.44,West,72.57,2022,1,2
ORD_00523,2023-06-02,CUST_260,Furniture,Desks,118.24,2,3.34,East,1.67,2023,6,0
ORD_00524,2021-09-13,CUST_301,Furniture,Phones,1292.07,2,-19.36,West,-9.68,2021,9,2
ORD_00525,2022-12-10,CUST_341,Furniture,Paper,1948.75,2,21.07,South,10.54,2022,12,0
ORD_00526,2022-03-26,CUST_452,Office Supplies,Notebooks,148.9,7,-18.24,South,-2.61,2022,3,2
ORD_00527,2021-01-10,CUST_101,Technology,Notebooks,1113.83,2,414.76,East,207.38,2021,1,2
ORD_00528,2023-04-04,CUST_324,Office Supplies,Phones,1498.11,2,-17.52,West,-8.76,2023,4,2
ORD_00529,2023-03-09,CUST_388,Office Supplies,Paper,1622.41,9,99.42,East,11.05,2023,3,0
ORD_00530,2023-05-27,CUST_332,Office Supplies,Chairs,833.52,7,7.07,West,1.01,2023,5,2
ORD_00531,2023-10-26,CUST_176,Technology,Desks,416.29,3,112.48,West,37.49,2023,10,0
ORD_00532,2023-10-13,CUST_215,Furniture,Paper,94.26,3,-0.19,West,-0.06,2023,10,1
ORD_00533,2022-01-09,CUST_253,Furniture,Notebooks,1163.66,7,317.4,South,45.34,2022,1,0
ORD_00534,2023-12-25,CUST_202,Furniture,Phones,911.29,5,23.33,West,4.67,2023,12,1
ORD_00535,2021-05-26,CUST_293,Technology,Phones,1898.0,6,418.52,South,69.75,2021,5,1
ORD_00536,2021-08-12,CUST_265,Furniture,Desks,130.6,8,399.46,West,49.93,2021,8,1
ORD_00537,2021-06-26,CUST_458,Technology,Phones,1373.94,9,-42.49,South,-4.72,2021,6,2
ORD_00538,2023-05-03,CUST_189,Furniture,Phones,59.68,1,442.65,Central,442.65,2023,5,2
ORD_00539,2021-03-04,CUST_273,Furniture,Paper,351.15,3,-34.08,South,-11.36,2021,3,1
ORD_00540,2023-04-07,CUST_221,Office Supplies,Chairs,912.62,7,81.81,South,11.69,2023,4,2
ORD_00541,2023-03-06,CUST_242,Technology,Desks,915.2,6,-32.19,East,-5.36,2023,3,0
ORD_00542,2022-11-20,CUST_205,Office Supplies,Paper,1374.54,7,134.71,West,19.24,2022,11,1
ORD_00543,2021-04-15,CUST_474,Office Supplies,Chairs,1821.32,8,232.63,Central,29.08,2021,4,0
ORD_00544,2022-05-26,CUST_404,Office Supplies,Paper,1281.67,6,388.15,East,64.69,2022,5,0
ORD_00545,2022-01-20,CUST_459,Technology,Computers,1907.53,3,135.89,West,45.3,2022,1,2
ORD_00546,2022-02-09,CUST_416,Technology,Paper,1764.42,2,338.02,Central,169.01,2022,2,1
ORD_00547,2023-04-03,CUST_222,Furniture,Phones,1173.15,7,53.13,Central,7.59,2023,4,2
ORD_00548,2022-06-02,CUST_489,Office Supplies,Chairs,1669.25,1,362.83,Central,362.83,2022,6,2
ORD_00549,2022-04-21,CUST_108,Furniture,Desks,1288.73,3,79.8,West,26.6,2022,4,0
ORD_00550,2022-12-10,CUST_361,Office Supplies,Desks,166.33,4,28.95,Central,7.24,2022,12,0
ORD_00551,2023-02-10,CUST_172,Technology,Chairs,1483.72,1,51.97,Central,51.97,2023,2,0
ORD_00552,2023-11-13,CUST_458,Technology,Phones,198.87,5,50.13,East,10.03,2023,11,2
ORD_00553,2023-09-24,CUST_322,Technology,Notebooks,1192.22,3,232.07,South,77.36,2023,9,0
ORD_00554,2022-11-08,CUST_140,Office Supplies,Paper,1408.25,2,414.64,West,207.32,2022,11,2
ORD_00555,2022-12-15,CUST_469,Technology,Phones,142.39,3,-6.22,South,-2.07,2022,12,1
ORD_00556,2021-03-24,CUST_303,Office Supplies,Computers,469.28,8,338.83,East,42.35,2021,3,2
ORD_00557,2022-04-02,CUST_363,Furniture,Chairs,1832.19,6,309.89,South,51.65,2022,4,0
ORD_00558,2021-01-01,CUST_427,Office Supplies,Paper,1236.47,7,429.89,Central,61.41,2021,1,0
ORD_00559,2021-02-20,CUST_277,Furniture,Desks,500.11,6,84.28,Central,14.05,2021,2,2
ORD_00560,2022-11-16,CUST_447,Office Supplies,Notebooks,1384.45,6,197.56,West,32.93,2022,11,1
ORD_00561,2022-12-18,CUST_417,Furniture,Computers,1197.59,3,459.21,West,153.07,2022,12,0
ORD_00562,2022-03-25,CUST_183,Technology,Desks,1008.14,8,313.0,West,39.12,2022,3,0
ORD_00563,2023-05-31,CUST_417,Furniture,Chairs,1952.61,7,163.82,East,23.4,2023,5,0
ORD_00564,2022-05-03,CUST_210,Technology,Paper,1370.07,7,22.28,West,3.18,2022,5,2
ORD_00565,2021-02-03,CUST_350,Technology,Chairs,757.13,6,94.37,East,15.73,2021,2,0
ORD_00566,2021-04-05,CUST_482,Furniture,Paper,1602.15,5,269.67,Central,53.93,2021,4,2
ORD_00567,2021-06-03,CUST_106,Office Supplies,Phones,1770.32,8,344.99,South,43.12,2021,6,2
ORD_00568,2021-09-07,CUST_183,Office Supplies,Notebooks,259.19,5,18.43,Central,3.69,2021,9,0
ORD_00569,2022-11-05,CUST_307,Office Supplies,Phones,409.1,9,279.78,Central,31.09,2022,11,2
ORD_00570,2022-03-14,CUST_487,Office Supplies,Phones,440.29,9,252.69,Central,28.08,2022,3,1
ORD_00571,2021-04-28,CUST_489,Office Supplies,Chairs,1385.51,1,232.68,West,232.68,2021,4,2
ORD_00572,2023-02-10,CUST_413,Technology,Notebooks,1210.05,6,329.57,West,54.93,2023,2,2
ORD_00573,2021-09-25,CUST_121,Office Supplies,Paper,1241.79,7,410.6,West,58.66,2021,9,2
ORD_00574,2023-12-14,CUST_482,Technology,Paper,1882.14,3,127.64,South,42.55,2023,12,2
ORD_00575,2021-08-24,CUST_102,Technology,Computers,1554.06,7,438.96,West,62.71,2021,8,0
ORD_00576,2022-01-24,CUST_226,Technology,Desks,264.59,7,38.35,East,5.48,2022,1,1
ORD_00577,2023-09-17,CUST_396,Furniture,Computers,701.54,2,45.16,Central,22.58,2023,9,1
ORD_00578,2023-02-02,CUST_287,Furniture,Computers,876.43,7,96.72,South,13.82,2023,2,0
ORD_00579,2022-02-05,CUST_461,Technology,Paper,797.96,1,15.74,South,15.74,2022,2,2
ORD_00580,2022-09-16,CUST_113,Furniture,Chairs,1341.92,5,76.68,South,15.34,2022,9,0
ORD_00581,2023-02-06,CUST_111,Office Supplies,Phones,1784.87,9,8.53,South,0.95,2023,2,0
ORD_00582,2023-07-08,CUST_186,Office Supplies,Phones,619.04,7,401.96,South,57.42,2023,7,2
ORD_00583,2023-05-03,CUST_111,Technology,Phones,1108.24,7,26.43,East,3.78,2023,5,0
ORD_00584,2022-08-01,CUST_496,Office Supplies,Notebooks,1580.92,2,361.01,Central,180.5,2022,8,0
ORD_00585,2021-03-16,CUST_124,Technology,Paper,838.27,8,-23.65,South,-2.96,2021,3,2
ORD_00586,2022-03-11,CUST_400,Technology,Chairs,344.56,3,471.69,Central,157.23,2022,3,0
ORD_00587,2021-04-13,CUST_342,Office Supplies,Notebooks,955.15,8,341.14,West,42.64,2021,4,2
ORD_00588,2023-02-03,CUST_221,Furniture,Desks,119.89,3,-46.26,South,-15.42,2023,2,2
ORD_00589,2023-01-08,CUST_246,Office Supplies,Chairs,1885.34,7,370.12,South,52.87,2023,1,0
ORD_00590,2023-03-17,CUST_154,Office Supplies,Computers,158.89,2,232.75,Central,116.38,2023,3,1
ORD_00591,2021-04-08,CUST_337,Technology,Chairs,882.53,4,378.65,South,94.66,2021,4,1
ORD_00592,2023-03-09,CUST_455,Technology,Chairs,1064.46,6,237.37,South,39.56,2023,3,2
ORD_00593,2023-05-09,CUST_272,Technology,Phones,1970.75,9,302.56,South,33.62,2023,5,2
ORD_00594,2022-03-11,CUST_491,Technology,Chairs,340.38,5,382.48,East,76.5,2022,3,1
ORD_00595,2022-03-23,CUST_320,Furniture,Computers,237.72,9,172.81,East,19.2,2022,3,1
ORD_00596,2021-09-06,CUST_218,Furniture,Computers,27.33,5,-48.51,South,-9.7,2021,9,2
ORD_00597,2021-06-15,CUST_408,Furniture,Paper,319.59,8,417.47,East,52.18,2021,6,1
ORD_00598,2023-09-11,CUST_282,Technology,Chairs,422.47,1,159.49,West,159.49,2023,9,1
ORD_00599,2023-10-17,CUST_387,Technology,Phones,1264.86,7,222.82,South,31.83,2023,10,2
ORD_00600,2022-06-26,CUST_406,Technology,Chairs,447.22,4,-45.73,West,-11.43,2022,6,1
ORD_00601,2023-01-29,CUST_399,Furniture,Desks,50.84,5,220.65,Central,44.13,2023,1,1
ORD_00602,2021-03-22,CUST_181,Technology,Desks,1654.97,6,492.57,West,82.1,2021,3,0
ORD_00603,2021-05-13,CUST_310,Office Supplies,Phones,737.54,5,103.05,Central,20.61,2021,5,1
ORD_00604,2023-03-08,CUST_249,Office Supplies,Paper,713.86,1,167.48,South,167.48,2023,3,1
ORD_00605,2023-06-19,CUST_136,Technology,Paper,611.93,9,327.95,Central,36.44,2023,6,2
ORD_00606,2021-05-18,CUST_451,Office Supplies,Computers,1950.99,2,398.14,Central,199.07,2021,5,2
ORD_00607,2021-07-03,CUST_411,Office Supplies,Computers,348.53,9,179.57,West,19.95,2021,7,2
ORD_00608,2023-02-24,CUST_460,Furniture,Notebooks,1797.49,2,120.32,West,60.16,2023,2,2
ORD_00609,2023-09-11,CUST_158,Technology,Phones,1555.84,9,465.8,West,51.76,2023,9,0
ORD_00610,2021-03-10,CUST_230,Technology,Chairs,162.2,6,322.43,South,53.74,2021,3,2
ORD_00611,2022-06-30,CUST_301,Furniture,Phones,1973.59,9,15.46,South,1.72,2022,6,2
ORD_00612,2021-02-22,CUST_342,Office Supplies,Notebooks,550.02,6,-12.09,West,-2.02,2021,2,2
ORD_00613,2021-07-24,CUST_134,Office Supplies,Computers,206.18,6,215.95,South,35.99,2021,7,1
ORD_00614,2021-05-06,CUST_192,Technology,Phones,1660.34,2,71.05,South,35.52,2021,5,0
ORD_00615,2021-02-12,CUST_306,Office Supplies,Phones,1416.28,8,89.69,Central,11.21,2021,2,1
ORD_00616,2021-04-21,CUST_452,Furniture,Computers,1238.27,3,432.73,Central,144.24,2021,4,2
ORD_00617,2023-01-31,CUST_490,Furniture,Notebooks,320.4,7,-0.74,West,-0.11,2023,1,1
ORD_00618,2023-04-28,CUST_431,Technology,Computers,962.21,5,343.45,South,68.69,2023,4,2
ORD_00619,2021-04-05,CUST_404,Furniture,Paper,1563.31,3,99.13,Central,33.04,2021,4,0
ORD_00620,2023-06-19,CUST_449,Furniture,Chairs,614.21,1,368.18,East,368.18,2023,6,2
ORD_00621,2021-12-26,CUST_312,Technology,Computers,630.26,8,347.33,South,43.42,2021,12,1
ORD_00622,2023-06-19,CUST_258,Furniture,Notebooks,16.25,3,-45.93,East,-15.31,2023,6,2
ORD_00623,2021-10-08,CUST_123,Furniture,Desks,356.74,2,230.02,West,115.01,2021,10,1
ORD_00624,2022-10-29,CUST_392,Furniture,Paper,1752.06,1,26.63,South,26.63,2022,10,0
ORD_00625,2021-04-03,CUST_103,Office Supplies,Desks,889.08,4,426.42,West,106.6,2021,4,2
ORD_00626,2022-11-03,CUST_319,Technology,Computers,1968.63,8,429.37,West,53.67,2022,11,2
ORD_00627,2021-03-02,CUST_463,Technology,Paper,797.46,3,180.09,West,60.03,2021,3,2
ORD_00628,2022-09-26,CUST_481,Technology,Chairs,1433.22,1,194.42,West,194.42,2022,9,0
ORD_00629,2023-12-11,CUST_119,Office Supplies,Computers,571.02,4,116.81,West,29.2,2023,12,2
ORD_00630,2023-10-26,CUST_251,Office Supplies,Chairs,733.98,9,344.13,South,38.24,2023,10,0
ORD_00631,2022-08-27,CUST_149,Technology,Phones,389.54,1,147.26,East,147.26,2022,8,2
ORD_00632,2022-11-13,CUST_276,Office Supplies,Desks,700.65,2,97.29,South,48.64,2022,11,2
ORD_00633,2022-06-18,CUST_195,Technology,Paper,1099.0,9,187.73,South,20.86,2022,6,1
ORD_00634,2023-04-18,CUST_204,Office Supplies,Chairs,1983.63,2,0.32,South,0.16,2023,4,2
ORD_00635,2022-10-07,CUST_349,Furniture,Notebooks,1331.76,3,360.63,Central,120.21,2022,10,2
ORD_00636,2021-08-21,CUST_216,Furniture,Chairs,406.5,7,-43.07,Central,-6.15,2021,8,0
ORD_00637,2022-06-08,CUST_453,Technology,Notebooks,99.47,3,304.47,South,101.49,2022,6,2
ORD_00638,2021-12-12,CUST_327,Office Supplies,Computers,261.45,9,50.58,East,5.62,2021,12,2
ORD_00639,2023-12-06,CUST_165,Office Supplies,Paper,1129.48,6,77.82,South,12.97,2023,12,1
ORD_00640,2022-06-30,CUST_434,Furniture,Chairs,1532.67,3,299.6,West,99.87,2022,6,2
ORD_00641,2023-03-05,CUST_361,Furniture,Chairs,1881.43,9,496.12,Central,55.12,2023,3,0
ORD_00642,2021-09-06,CUST_394,Office Supplies,Paper,41.49,1,377.74,Central,377.74,2021,9,2
ORD_00643,2021-02-16,CUST_342,Office Supplies,Chairs,1050.29,3,74.21,South,24.74,2021,2,2
ORD_00644,2021-08-02,CUST_470,Office Supplies,Notebooks,947.03,1,46.81,South,46.81,2021,8,2
ORD_00645,2021-08-27,CUST_285,Office Supplies,Chairs,1315.55,2,426.43,East,213.22,2021,8,2
ORD_00646,2023-12-16,CUST_345,Office Supplies,Desks,1123.56,8,194.3,East,24.29,2023,12,1
ORD_00647,2021-12-16,CUST_224,Office Supplies,Computers,1377.21,7,25.38,West,3.63,2021,12,2
ORD_00648,2021-04-17,CUST_367,Technology,Phones,1319.58,2,424.22,South,212.11,2021,4,2
ORD_00649,2023-04-11,CUST_230,Office Supplies,Notebooks,242.85,2,398.85,South,199.42,2023,4,2
ORD_00650,2021-02-17,CUST_336,Furniture,Desks,1601.44,9,491.15,South,54.57,2021,2,2
ORD_00651,2021-12-03,CUST_117,Technology,Computers,255.23,6,450.36,Central,75.06,2021,12,1
ORD_00652,2023-11-16,CUST_139,Office Supplies,Paper,1400.08,5,418.48,West,83.7,2023,11,0
ORD_00653,2023-03-15,CUST_120,Furniture,Notebooks,838.13,6,-21.08,East,-3.51,2023,3,2
ORD_00654,2021-01-08,CUST_498,Technology,Phones,1032.56,9,7.43,Central,0.83,2021,1,2
ORD_00655,2022-09-17,CUST_324,Furniture,Computers,1807.56,7,262.94,Central,37.56,2022,9,2
ORD_00656,2022-12-20,CUST_454,Office Supplies,Phones,1780.87,9,242.31,Central,26.92,2022,12,2
ORD_00657,2021-10-30,CUST_381,Office Supplies,Paper,1637.53,4,201.88,Central,50.47,2021,10,0
ORD_00658,2022-10-01,CUST_107,Office Supplies,Paper,1025.2,2,168.23,West,84.12,2022,10,2
ORD_00659,2021-02-25,CUST_199,Office Supplies,Notebooks,1475.12,8,187.17,South,23.4,2021,2,2
ORD_00660,2022-12-27,CUST_339,Technology,Chairs,1030.67,4,263.11,East,65.78,2022,12,1
ORD_00661,2022-06-10,CUST_186,Technology,Paper,1740.52,9,-48.86,East,-5.43,2022,6,2
ORD_00662,2022-04-19,CUST_397,Furniture,Computers,811.52,4,93.39,Central,23.35,2022,4,1
ORD_00663,2021-01-28,CUST_113,Office Supplies,Chairs,1940.77,8,235.05,Central,29.38,2021,1,0
ORD_00664,2021-03-19,CUST_433,Furniture,Desks,1865.32,9,347.22,West,38.58,2021,3,2
ORD_00665,2021-12-31,CUST_101,Technology,Phones,1485.79,9,45.79,Central,5.09,2021,12,2
ORD_00666,2022-10-28,CUST_474,Office Supplies,Chairs,566.04,4,250.78,East,62.7,2022,10,0
ORD_00667,2022-06-10,CUST_392,Office Supplies,Phones,271.99,1,342.95,East,342.95,2022,6,0
ORD_00668,2022-11-30,CUST_424,Technology,Chairs,1710.86,3,194.55,South,64.85,2022,11,1
ORD_00669,2023-06-02,CUST_140,Technology,Desks,338.95,9,-35.11,South,-3.9,2023,6,2
ORD_00670,2023-10-28,CUST_417,Technology,Paper,1709.98,4,197.1,East,49.28,2023,10,0
ORD_00671,2023-10-24,CUST_415,Technology,Desks,986.62,5,113.04,East,22.61,2023,10,0
ORD_00672,2023-07-08,CUST_480,Technology,Paper,819.05,7,461.31,West,65.9,2023,7,0
ORD_00673,2023-01-20,CUST_210,Office Supplies,Paper,1807.35,5,18.54,West,3.71,2023,1,2
ORD_00674,2021-12-29,CUST_113,Technology,Phones,1211.66,4,308.86,East,77.22,2021,12,0
ORD_00675,2023-03-17,CUST_330,Office Supplies,Computers,1157.46,2,-21.0,Central,-10.5,2023,3,2
ORD_00676,2023-01-09,CUST_183,Office Supplies,Desks,1121.94,2,195.39,South,97.7,2023,1,0
ORD_00677,2023-11-05,CUST_229,Technology,Chairs,748.63,4,254.69,East,63.67,2023,11,2
ORD_00678,2022-04-30,CUST_330,Technology,Desks,1573.43,9,113.88,Central,12.65,2022,4,2
ORD_00679,2021-01-28,CUST_425,Office Supplies,Phones,513.07,8,200.29,East,25.04,2021,1,2
ORD_00680,2022-12-15,CUST_244,Technology,Paper,1878.4,3,39.95,South,13.32,2022,12,0
ORD_00681,2023-11-29,CUST_478,Technology,Phones,1789.03,9,117.27,South,13.03,2023,11,0
ORD_00682,2021-03-27,CUST_444,Technology,Notebooks,681.59,5,291.61,West,58.32,2021,3,0
ORD_00683,2021-05-06,CUST_127,Furniture,Notebooks,1461.63,3,115.99,West,38.66,2021,5,1
ORD_00684,2023-03-23,CUST_165,Office Supplies,Chairs,1150.71,5,444.86,West,88.97,2023,3,1
ORD_00685,2022-06-21,CUST_262,Furniture,Phones,681.92,4,295.62,West,73.9,2022,6,2
ORD_00686,2021-05-25,CUST_328,Technology,Chairs,1977.16,8,191.26,South,23.91,2021,5,2
ORD_00687,2021-01-25,CUST_360,Furniture,Chairs,60.22,5,-28.68,Central,-5.74,2021,1,2
ORD_00688,2021-03-08,CUST_263,Technology,Notebooks,512.77,8,224.75,Central,28.09,2021,3,0
ORD_00689,2021-08-21,CUST_400,Furniture,Chairs,1044.95,9,370.63,Central,41.18,2021,8,0
ORD_00690,2021-04-19,CUST_402,Technology,Notebooks,1048.69,4,96.06,East,24.02,2021,4,0
ORD_00691,2021-04-21,CUST_386,Furniture,Paper,1181.98,7,393.73,West,56.25,2021,4,2
ORD_00692,2021-08-16,CUST_494,Furniture,Phones,1505.84,2,88.49,West,44.24,2021,8,2
ORD_00693,2021-04-21,CUST_109,Furniture,Chairs,1250.72,6,403.06,South,67.18,2021,4,2
ORD_00694,2021-02-03,CUST_294,Office Supplies,Notebooks,1204.56,8,-3.1,South,-0.39,2021,2,2
ORD_00695,2022-09-15,CUST_217,Furniture,Desks,116.49,7,426.4,East,60.91,2022,9,1
ORD_00696,2023-01-18,CUST_369,Office Supplies,Chairs,759.3,7,224.55,East,32.08,2023,1,2
ORD_00697,2022-08-18,CUST_179,Technology,Computers,471.79,8,113.1,Central,14.14,2022,8,2
ORD_00698,2022-03-01,CUST_192,Furniture,Paper,538.09,7,95.81,South,13.69,2022,3,0
ORD_00699,2022-09-05,CUST_365,Technology,Paper,1113.13,5,187.61,West,37.52,2022,9,2
ORD_00700,2022-11-23,CUST_431,Technology,Desks,407.02,7,499.48,Central,71.35,2022,11,2
ORD_00701,2021-11-11,CUST_449,Furniture,Notebooks,594.96,3,71.18,West,23.73,2021,11,2
ORD_00702,2023-05-27,CUST_460,Office Supplies,Chairs,481.8,5,6.77,Central,1.35,2023,5,2
ORD_00703,2022-10-24,CUST_356,Furniture,Notebooks,1897.52,7,271.77,West,38.82,2022,10,2
ORD_00704,2021-10-04,CUST_232,Technology,Paper,1889.88,9,218.7,East,24.3,2021,10,2
ORD_00705,2022-09-16,CUST_375,Technology,Notebooks,1223.78,2,238.31,Central,119.16,2022,9,1
ORD_00706,2022-05-31,CUST_363,Furniture,Paper,1849.8,4,316.81,West,79.2,2022,5,0
ORD_00707,2023-04-23,CUST_270,Office Supplies,Notebooks,1573.77,7,96.93,West,13.85,2023,4,2
ORD_00708,2021-12-16,CUST_100,Office Supplies,Desks,1184.0,1,450.87,South,450.87,2021,12,2
ORD_00709,2023-04-03,CUST_412,Technology,Phones,22.81,2,189.62,Central,94.81,2023,4,2
ORD_00710,2023-01-29,CUST_163,Technology,Desks,1547.31,9,21.0,West,2.33,2023,1,2
ORD_00711,2023-06-18,CUST_473,Office Supplies,Desks,1407.95,7,358.26,South,51.18,2023,6,0
ORD_00712,2021-08-31,CUST_383,Furniture,Phones,1234.35,7,303.71,West,43.39,2021,8,2
ORD_00713,2022-06-27,CUST_220,Technology,Phones,1523.24,6,123.66,Central,20.61,2022,6,1
ORD_00714,2023-11-30,CUST_206,Office Supplies,Chairs,1030.72,3,291.84,East,97.28,2023,11,2
ORD_00715,2021-08-17,CUST_274,Technology,Chairs,1411.13,3,70.92,Central,23.64,2021,8,0
ORD_00716,2022-07-02,CUST_303,Furniture,Desks,1870.99,2,194.66,Central,97.33,2022,7,2
ORD_00717,2023-07-09,CUST_264,Office Supplies,Desks,757.85,6,444.68,West,74.11,2023,7,1
ORD_00718,2021-01-06,CUST_404,Technology,Paper,1419.16,4,23.44,West,5.86,2021,1,0
ORD_00719,2022-04-13,CUST_219,Furniture,Paper,956.62,5,162.68,Central,32.54,2022,4,2
ORD_00720,2021-03-16,CUST_143,Technology,Chairs,1352.06,3,401.63,South,133.88,2021,3,1
ORD_00721,2021-01-04,CUST_411,Furniture,Computers,1528.16,6,483.22,South,80.54,2021,1,2
ORD_00722,2022-10-08,CUST_255,Furniture,Computers,100.45,3,199.66,South,66.55,2022,10,1
ORD_00723,2021-04-28,CUST_466,Office Supplies,Chairs,1296.73,8,228.85,West,28.61,2021,4,2
ORD_00724,2023-05-31,CUST_306,Furniture,Paper,461.21,9,264.69,West,29.41,2023,5,1
ORD_00725,2022-05-19,CUST_489,Technology,Paper,1343.36,4,462.79,Central,115.7,2022,5,2
ORD_00726,2023-08-05,CUST_207,Furniture,Computers,941.98,9,422.01,East,46.89,2023,8,0
ORD_00727,2022-07-28,CUST_350,Furniture,Notebooks,1549.37,7,43.83,West,6.26,2022,7,0
ORD_00728,2021-07-13,CUST_469,Office Supplies,Notebooks,255.57,3,190.22,Central,63.41,2021,7,1
ORD_00729,2023-04-27,CUST_433,Furniture,Paper,1256.38,7,205.2,Central,29.31,2023,4,2
ORD_00730,2022-12-16,CUST_229,Furniture,Notebooks,564.16,1,384.0,East,384.0,2022,12,2
ORD_00731,2023-11-16,CUST_392,Technology,Phones,1707.43,3,281.59,South,93.86,2023,11,0
ORD_00732,2021-06-22,CUST_119,Office Supplies,Chairs,1857.48,6,309.82,Central,51.64,2021,6,2
ORD_00733,2021-11-22,CUST_381,Office Supplies,Chairs,1992.83,4,499.01,Central,124.75,2021,11,0
ORD_00734,2023-04-16,CUST_384,Office Supplies,Paper,1594.05,7,-8.77,Central,-1.25,2023,4,0
ORD_00735,2022-12-25,CUST_100,Furniture,Desks,1509.93,3,72.66,South,24.22,2022,12,2
ORD_00736,2021-08-13,CUST_218,Office Supplies,Computers,438.85,1,174.34,South,174.34,2021,8,2
ORD_00737,2022-06-16,CUST_134,Furniture,Paper,678.65,9,141.28,East,15.7,2022,6,1
ORD_00738,2021-04-23,CUST_297,Furniture,Notebooks,936.71,6,-38.09,West,-6.35,2021,4,2
ORD_00739,2021-05-20,CUST_344,Technology,Computers,1549.03,8,0.48,South,0.06,2021,5,2
ORD_00740,2022-07-13,CUST_158,Technology,Desks,1830.78,3,324.52,West,108.17,2022,7,0
ORD_00741,2021-01-01,CUST_424,Technology,Notebooks,386.39,8,433.63,West,54.2,2021,1,1
ORD_00742,2021-03-31,CUST_260,Technology,Phones,1845.51,2,232.82,South,116.41,2021,3,0
ORD_00743,2022-10-16,CUST_278,Technology,Notebooks,1394.29,4,246.56,Central,61.64,2022,10,1
ORD_00744,2021-11-16,CUST_305,Furniture,Phones,1225.43,3,90.3,East,30.1,2021,11,2
ORD_00745,2021-05-19,CUST_111,Furniture,Computers,407.68,1,372.33,West,372.33,2021,5,0
ORD_00746,2023-04-25,CUST_375,Office Supplies,Phones,120.49,7,363.49,Central,51.93,2023,4,1
ORD_00747,2021-09-16,CUST_280,Furniture,Computers,1141.25,2,273.6,South,136.8,2021,9,0
ORD_00748,2023-06-21,CUST_341,Furniture,Computers,1306.52,4,66.97,West,16.74,2023,6,0
ORD_00749,2022-11-21,CUST_315,Technology,Computers,429.46,9,3.36,West,0.37,2022,11,2
ORD_00750,2021-01-10,CUST_350,Furniture,Computers,1117.35,6,-14.67,West,-2.44,2021,1,0
ORD_00751,2021-09-18,CUST_398,Technology,Computers,1714.42,8,275.98,Central,34.5,2021,9,1
ORD_00752,2021-06-21,CUST_225,Office Supplies,Notebooks,1671.78,2,403.77,Central,201.88,2021,6,2
ORD_00753,2023-06-17,CUST_316,Office Supplies,Computers,1855.44,7,422.08,Central,60.3,2023,6,2
ORD_00754,2021-01-13,CUST_405,Furniture,Notebooks,738.11,6,204.99,West,34.16,2021,1,1
ORD_00755,2021-11-17,CUST_384,Office Supplies,Computers,642.92,9,381.35,West,42.37,2021,11,0
ORD_00756,2021-11-25,CUST_284,Furniture,Phones,1501.36,7,470.78,East,67.25,2021,11,2
ORD_00757,2023-02-24,CUST_138,Office Supplies,Computers,867.91,1,101.34,East,101.34,2023,2,0
ORD_00758,2023-02-16,CUST_322,Technology,Desks,184.22,8,168.88,Central,21.11,2023,2,0
ORD_00759,2023-06-30,CUST_283,Technology,Computers,572.77,3,462.31,Central,154.1,2023,6,1
ORD_00760,2021-11-14,CUST_277,Technology,Computers,842.98,2,136.03,South,68.02,2021,11,2
ORD_00761,2021-08-24,CUST_393,Technology,Phones,592.11,3,452.63,Central,150.88,2021,8,1
ORD_00762,2021-11-30,CUST_439,Furniture,Chairs,671.09,6,489.57,East,81.6,2021,11,2
ORD_00763,2022-01-11,CUST_250,Office Supplies,Phones,594.61,3,314.0,East,104.67,2022,1,1
ORD_00764,2022-08-11,CUST_483,Furniture,Desks,92.58,5,399.29,East,79.86,2022,8,1
ORD_00765,2022-05-28,CUST_225,Technology,Chairs,1277.82,6,362.25,West,60.38,2022,5,2
ORD_00766,2023-07-07,CUST_400,Furniture,Paper,1198.61,8,334.74,West,41.84,2023,7,0
ORD_00767,2023-05-23,CUST_407,Office Supplies,Paper,1310.23,7,118.81,Central,16.97,2023,5,1
ORD_00768,2021-09-27,CUST_435,Furniture,Desks,392.7,8,-18.6,South,-2.33,2021,9,2
ORD_00769,2023-03-09,CUST_333,Office Supplies,Phones,598.35,3,138.68,South,46.23,2023,3,1
ORD_00770,2022-12-26,CUST_479,Furniture,Notebooks,1243.04,4,316.81,South,79.2,2022,12,2
ORD_00771,2021-01-05,CUST_474,Office Supplies,Desks,1203.26,6,6.39,West,1.06,2021,1,0
ORD_00772,2023-05-01,CUST_107,Office Supplies,Chairs,1017.6,7,-43.45,East,-6.21,2023,5,2
ORD_00773,2021-03-19,CUST_440,Technology,Chairs,707.32,9,26.83,East,2.98,2021,3,1
ORD_00774,2022-07-28,CUST_228,Office Supplies,Computers,1826.73,1,343.65,West,343.65,2022,7,2
ORD_00775,2021-05-12,CUST_363,Technology,Paper,686.14,8,485.04,South,60.63,2021,5,0
ORD_00776,2022-08-24,CUST_256,Technology,Chairs,916.68,8,490.69,South,61.34,2022,8,2
ORD_00777,2023-12-02,CUST_451,Technology,Desks,1359.45,6,221.69,Central,36.95,2023,12,2
ORD_00778,2021-03-30,CUST_457,Furniture,Chairs,1090.61,4,428.14,Central,107.04,2021,3,1
ORD_00779,2022-02-06,CUST_104,Furniture,Desks,700.3,3,355.25,South,118.42,2022,2,2
ORD_00780,2021-10-23,CUST_185,Furniture,Notebooks,876.93,3,225.57,West,75.19,2021,10,2
ORD_00781,2022-09-08,CUST_274,Furniture,Computers,1591.02,6,265.02,South,44.17,2022,9,0
ORD_00782,2023-03-11,CUST_389,Office Supplies,Paper,563.48,8,25.47,Central,3.18,2023,3,1
ORD_00783,2022-02-26,CUST_292,Office Supplies,Chairs,293.09,7,465.71,South,66.53,2022,2,2
ORD_00784,2023-11-13,CUST_410,Furniture,Desks,633.19,1,143.56,West,143.56,2023,11,2
ORD_00785,2022-07-29,CUST_218,Office Supplies,Phones,1700.57,6,195.38,East,32.56,2022,7,2
ORD_00786,2021-05-23,CUST_317,Office Supplies,Paper,187.09,7,319.41,West,45.63,2021,5,1
ORD_00787,2023-09-20,CUST_213,Technology,Notebooks,1983.48,7,133.65,West,19.09,2023,9,1
ORD_00788,2022-10-27,CUST_244,Technology,Desks,1086.6,9,89.84,Central,9.98,2022,10,0
ORD_00789,2021-05-25,CUST_125,Technology,Computers,1969.84,5,297.08,West,59.42,2021,5,0
ORD_00790,2023-10-04,CUST_235,Technology,Computers,1878.6,1,-36.26,West,-36.26,2023,10,1
ORD_00791,2022-05-18,CUST_402,Office Supplies,Notebooks,911.1,2,346.4,Central,173.2,2022,5,0
ORD_00792,2023-04-01,CUST_331,Furniture,Notebooks,405.0,4,232.71,Central,58.18,2023,4,1
ORD_00793,2021-04-14,CUST_468,Office Supplies,Computers,338.12,5,283.16,East,56.63,2021,4,1
ORD_00794,2023-11-29,CUST_175,Office Supplies,Chairs,487.58,9,297.53,South,33.06,2023,11,0
ORD_00795,2021-07-17,CUST_427,Office Supplies,Chairs,1423.16,1,239.88,West,239.88,2021,7,0
ORD_00796,2022-08-02,CUST_444,Technology,Desks,553.17,3,270.39,Central,90.13,2022,8,0
ORD_00797,2022-01-26,CUST_401,Technology,Phones,689.44,5,326.08,East,65.22,2022,1,2
ORD_00798,2022-07-08,CUST_388,Technology,Desks,903.07,3,364.22,South,121.41,2022,7,0
ORD_00799,2023-11-05,CUST_100,Furniture,Phones,1827.33,4,350.1,Central,87.52,2023,11,2
ORD_00800,2022-04-23,CUST_246,Office Supplies,Notebooks,386.89,3,428.29,South,142.76,2022,4,0
ORD_00801,2023-07-12,CUST_386,Furniture,Paper,20.0,4,54.19,South,13.55,2023,7,2
ORD_00802,2022-02-24,CUST_241,Technology,Desks,129.59,1,170.63,West,170.63,2022,2,1
ORD_00803,2021-06-06,CUST_152,Furniture,Desks,1810.49,8,471.29,West,58.91,2021,6,1
ORD_00804,2022-07-04,CUST_403,Office Supplies,Phones,1298.56,4,168.12,Central,42.03,2022,7,0
ORD_00805,2023-10-18,CUST_168,Office Supplies,Notebooks,553.35,7,18.68,South,2.67,2023,10,2
ORD_00806,2023-09-24,CUST_460,Technology,Notebooks,362.61,2,238.99,Central,119.5,2023,9,2
ORD_00807,2023-08-09,CUST_189,Technology,Phones,595.59,2,10.22,Central,5.11,2023,8,2
ORD_00808,2021-10-16,CUST_319,Furniture,Notebooks,238.45,6,61.57,South,10.26,2021,10,2
ORD_00809,2021-07-15,CUST_291,Technology,Computers,1883.65,2,499.08,Central,249.54,2021,7,2
ORD_00810,2022-08-21,CUST_162,Technology,Chairs,1570.57,6,247.75,South,41.29,2022,8,1
ORD_00811,2022-06-01,CUST_172,Office Supplies,Computers,930.16,2,106.23,South,53.12,2022,6,0
ORD_00812,2023-05-15,CUST_260,Technology,Paper,1731.28,4,497.13,South,124.28,2023,5,0
ORD_00813,2023-03-17,CUST_268,Technology,Desks,506.42,7,481.61,South,68.8,2023,3,1
ORD_00814,2023-03-26,CUST_188,Office Supplies,Paper,1437.07,8,192.41,East,24.05,2023,3,0
ORD_00815,2021-08-16,CUST_275,Office Supplies,Desks,1713.7,3,93.22,South,31.07,2021,8,2
ORD_00816,2021-08-04,CUST_368,Furniture,Chairs,719.97,9,411.12,West,45.68,2021,8,0
ORD_00817,2023-08-06,CUST_172,Technology,Notebooks,1517.35,2,343.59,West,171.8,2023,8,0
ORD_00818,2021-01-15,CUST_344,Office Supplies,Computers,597.19,8,327.82,West,40.98,2021,1,2
ORD_00819,2021-02-16,CUST_176,Furniture,Phones,604.73,8,441.21,South,55.15,2021,2,0
ORD_00820,2021-11-20,CUST_258,Furniture,Computers,223.04,4,329.18,West,82.3,2021,11,2
ORD_00821,2023-04-24,CUST_423,Technology,Chairs,885.72,1,106.09,East,106.09,2023,4,2
ORD_00822,2021-05-10,CUST_197,Technology,Paper,1462.13,1,331.62,Central,331.62,2021,5,0
ORD_00823,2021-04-05,CUST_480,Furniture,Phones,1881.04,2,118.2,South,59.1,2021,4,0
ORD_00824,2022-09-19,CUST_201,Office Supplies,Notebooks,1211.56,9,367.58,West,40.84,2022,9,0
ORD_00825,2023-01-25,CUST_231,Furniture,Chairs,1727.64,2,290.86,East,145.43,2023,1,1
ORD_00826,2023-03-05,CUST_201,Technology,Phones,1646.76,2,-7.42,Central,-3.71,2023,3,0
ORD_00827,2021-03-10,CUST_118,Office Supplies,Chairs,354.95,6,232.06,East,38.68,2021,3,1
ORD_00828,2021-01-11,CUST_181,Office Supplies,Chairs,976.78,7,138.82,West,19.83,2021,1,0
ORD_00829,2023-05-22,CUST_496,Furniture,Notebooks,242.68,7,130.71,East,18.67,2023,5,0
ORD_00830,2022-07-04,CUST_378,Technology,Desks,1367.48,9,281.24,Central,31.25,2022,7,1
ORD_00831,2022-12-13,CUST_438,Furniture,Phones,1900.3,6,127.28,West,21.21,2022,12,2
ORD_00832,2021-01-23,CUST_464,Furniture,Notebooks,282.81,8,377.29,Central,47.16,2021,1,2
ORD_00833,2023-03-26,CUST_430,Furniture,Chairs,1470.43,6,-11.06,East,-1.84,2023,3,1
ORD_00834,2021-12-12,CUST_228,Office Supplies,Notebooks,1268.15,2,313.21,South,156.6,2021,12,2
ORD_00835,2021-10-29,CUST_443,Office Supplies,Desks,1171.37,1,395.06,South,395.06,2021,10,0
ORD_00836,2021-12-29,CUST_409,Technology,Computers,786.34,5,320.06,South,64.01,2021,12,0
ORD_00837,2022-01-31,CUST_188,Technology,Phones,716.71,9,223.48,South,24.83,2022,1,0
ORD_00838,2021-08-06,CUST_312,Furniture,Desks,100.05,8,472.67,Central,59.08,2021,8,1
ORD_00839,2021-05-21,CUST_242,Furniture,Paper,443.64,4,114.97,South,28.74,2021,5,0
ORD_00840,2023-08-16,CUST_164,Furniture,Phones,40.2,5,-39.46,Central,-7.89,2023,8,1
ORD_00841,2023-09-12,CUST_175,Technology,Desks,1167.02,5,187.59,West,37.52,2023,9,0
ORD_00842,2023-09-20,CUST_298,Office Supplies,Chairs,220.65,6,-31.84,South,-5.31,2023,9,0
ORD_00843,2023-04-08,CUST_242,Office Supplies,Phones,1747.31,3,474.67,Central,158.22,2023,4,0
ORD_00844,2022-11-14,CUST_415,Furniture,Phones,1051.05,5,65.45,South,13.09,2022,11,0
ORD_00845,2023-10-01,CUST_192,Furniture,Notebooks,1402.38,2,383.91,South,191.96,2023,10,0
ORD_00846,2021-12-22,CUST_404,Furniture,Chairs,827.61,1,376.01,South,376.01,2021,12,0
ORD_00847,2023-10-05,CUST_323,Furniture,Paper,1125.55,1,69.75,Central,69.75,2023,10,2
ORD_00848,2023-06-07,CUST_390,Technology,Computers,1885.89,7,291.67,East,41.67,2023,6,2
ORD_00849,2021-05-07,CUST_201,Office Supplies,Desks,174.64,2,-23.56,South,-11.78,2021,5,0
ORD_00850,2023-10-06,CUST_366,Furniture,Notebooks,515.34,4,215.97,South,53.99,2023,10,2
ORD_00851,2022-08-27,CUST_454,Technology,Desks,1562.18,5,-41.94,West,-8.39,2022,8,2
ORD_00852,2023-10-11,CUST_209,Furniture,Paper,206.49,7,456.63,East,65.23,2023,10,1
ORD_00853,2021-02-20,CUST_429,Furniture,Paper,160.57,2,486.85,Central,243.42,2021,2,2
ORD_00854,2023-11-19,CUST_364,Office Supplies,Phones,729.47,6,72.26,West,12.04,2023,11,1
ORD_00855,2023-02-18,CUST_102,Furniture,Paper,193.41,1,64.46,South,64.46,2023,2,0
ORD_00856,2023-03-25,CUST_184,Office Supplies,Desks,1174.31,7,364.55,West,52.08,2023,3,2
ORD_00857,2022-02-24,CUST_381,Office Supplies,Chairs,460.29,9,89.36,West,9.93,2022,2,0
ORD_00858,2023-09-10,CUST_427,Office Supplies,Chairs,1792.44,5,442.29,South,88.46,2023,9,0
ORD_00859,2023-04-05,CUST_403,Technology,Phones,1569.17,5,265.66,East,53.13,2023,4,0
ORD_00860,2023-10-22,CUST_216,Technology,Computers,1402.41,4,142.93,East,35.73,2023,10,0
ORD_00861,2022-07-21,CUST_320,Office Supplies,Desks,1237.72,3,407.98,West,135.99,2022,7,1
ORD_00862,2022-01-06,CUST_253,Furniture,Desks,1728.3,9,221.37,South,24.6,2022,1,0
ORD_00863,2023-07-25,CUST_252,Office Supplies,Paper,453.89,5,451.4,Central,90.28,2023,7,0
ORD_00864,2022-10-23,CUST_111,Furniture,Desks,1747.49,8,460.41,West,57.55,2022,10,0
ORD_00865,2023-08-27,CUST_232,Office Supplies,Notebooks,1581.09,9,40.98,Central,4.55,2023,8,2
ORD_00866,2021-07-21,CUST_403,Furniture,Computers,1498.84,5,-48.72,West,-9.74,2021,7,0
ORD_00867,2021-11-09,CUST_392,Technology,Paper,1126.9,9,491.16,West,54.57,2021,11,0
ORD_00868,2021-04-27,CUST_399,Furniture,Notebooks,500.03,2,448.38,South,224.19,2021,4,1
ORD_00869,2023-07-26,CUST_327,Office Supplies,Phones,852.86,9,-19.51,South,-2.17,2023,7,2
ORD_00870,2022-07-29,CUST_370,Technology,Chairs,1589.21,4,408.17,Central,102.04,2022,7,0
ORD_00871,2021-09-01,CUST_142,Furniture,Phones,73.24,6,201.79,Central,33.63,2021,9,1
ORD_00872,2022-06-21,CUST_442,Furniture,Chairs,1566.28,6,92.43,East,15.4,2022,6,1
ORD_00873,2021-03-16,CUST_425,Furniture,Phones,487.74,6,433.31,South,72.22,2021,3,2
ORD_00874,2022-01-21,CUST_401,Furniture,Desks,297.18,2,58.17,West,29.08,2022,1,2
ORD_00875,2022-04-20,CUST_463,Furniture,Notebooks,240.25,7,471.01,West,67.29,2022,4,2
ORD_00876,2022-02-22,CUST_478,Technology,Chairs,64.23,6,63.09,East,10.52,2022,2,0
ORD_00877,2021-12-13,CUST_120,Technology,Paper,1051.94,1,287.53,South,287.53,2021,12,2
ORD_00878,2022-10-02,CUST_206,Technology,Notebooks,444.34,2,72.7,West,36.35,2022,10,2
ORD_00879,2023-07-28,CUST_435,Technology,Paper,1978.97,7,250.12,East,35.73,2023,7,2
ORD_00880,2023-08-13,CUST_402,Office Supplies,Notebooks,1153.13,1,326.19,East,326.19,2023,8,0
ORD_00881,2023-05-26,CUST_216,Technology,Notebooks,284.39,1,54.63,West,54.63,2023,5,0
ORD_00882,2023-02-02,CUST_223,Furniture,Phones,1380.64,1,236.49,West,236.49,2023,2,2
ORD_00883,2022-10-26,CUST_498,Furniture,Chairs,1796.51,8,207.98,Central,26.0,2022,10,2
ORD_00884,2021-01-25,CUST_380,Technology,Chairs,1492.91,4,-10.93,South,-2.73,2021,1,1
ORD_00885,2022-12-11,CUST_391,Furniture,Notebooks,162.12,4,400.07,Central,100.02,2022,12,1
ORD_00886,2021-06-26,CUST_302,Technology,Desks,1792.81,2,134.63,East,67.32,2021,6,1
ORD_00887,2021-10-12,CUST_150,Furniture,Desks,1589.92,1,266.02,West,266.02,2021,10,1
ORD_00888,2021-03-04,CUST_370,Office Supplies,Paper,325.02,9,233.13,Central,25.9,2021,3,0
ORD_00889,2023-09-30,CUST_423,Office Supplies,Paper,113.05,7,232.29,East,33.18,2023,9,2
ORD_00890,2022-10-24,CUST_376,Technology,Phones,1119.05,4,8.97,South,2.24,2022,10,2
ORD_00891,2022-10-28,CUST_240,Technology,Notebooks,320.51,6,182.92,West,30.49,2022,10,2
ORD_00892,2021-06-05,CUST_374,Technology,Paper,1670.84,2,198.8,Central,99.4,2021,6,2
ORD_00893,2023-12-09,CUST_389,Furniture,Paper,723.09,7,353.5,South,50.5,2023,12,1
ORD_00894,2023-08-25,CUST_433,Technology,Computers,1826.66,2,412.01,Central,206.0,2023,8,2
ORD_00895,2023-04-29,CUST_480,Office Supplies,Notebooks,1135.72,8,249.74,East,31.22,2023,4,0
ORD_00896,2022-11-20,CUST_472,Furniture,Phones,373.52,8,-2.27,South,-0.28,2022,11,1
ORD_00897,2021-05-28,CUST_151,Technology,Paper,287.8,1,80.27,Central,80.27,2021,5,1
ORD_00898,2021-12-08,CUST_126,Furniture,Phones,1157.18,8,40.71,South,5.09,2021,12,0
ORD_00899,2022-04-21,CUST_256,Furniture,Chairs,1526.15,2,18.54,East,9.27,2022,4,2
ORD_00900,2023-12-23,CUST_338,Technology,Phones,1565.2,6,151.24,South,25.21,2023,12,2
ORD_00901,2022-07-15,CUST_255,Furniture,Desks,558.76,1,76.17,Central,76.17,2022,7,1
ORD_00902,2021-11-23,CUST_390,Office Supplies,Desks,416.45,5,70.07,East,14.01,2021,11,2
ORD_00903,2023-09-17,CUST_235,Office Supplies,Phones,43.35,7,-19.92,West,-2.85,2023,9,1
ORD_00904,2021-08-03,CUST_243,Furniture,Desks,1361.61,1,-40.28,Central,-40.28,2021,8,1
ORD_00905,2022-03-11,CUST_205,Technology,Chairs,162.37,2,6.52,Central,3.26,2022,3,1
ORD_00906,2023-08-10,CUST_257,Furniture,Notebooks,847.31,7,44.71,East,6.39,2023,8,2
ORD_00907,2022-12-24,CUST_245,Office Supplies,Desks,1207.35,6,187.04,East,31.17,2022,12,0
ORD_00908,2021-02-01,CUST_101,Furniture,Desks,1874.85,3,230.79,West,76.93,2021,2,2
ORD_00909,2022-11-01,CUST_176,Furniture,Phones,630.49,2,27.33,Central,13.66,2022,11,0
ORD_00910,2021-10-12,CUST_231,Office Supplies,Chairs,507.05,4,183.63,East,45.91,2021,10,1
ORD_00911,2022-03-05,CUST_189,Furniture,Notebooks,1311.78,3,137.96,West,45.99,2022,3,2
ORD_00912,2021-10-13,CUST_444,Furniture,Phones,1242.29,7,50.88,West,7.27,2021,10,0
ORD_00913,2023-11-09,CUST_449,Technology,Phones,670.9,8,-46.24,East,-5.78,2023,11,2
ORD_00914,2021-01-18,CUST_362,Technology,Computers,1856.92,2,206.86,Central,103.43,2021,1,2
ORD_00915,2023-02-08,CUST_450,Office Supplies,Chairs,1691.28,7,327.11,South,46.73,2023,2,1
ORD_00916,2022-08-13,CUST_207,Office Supplies,Notebooks,455.73,8,74.45,South,9.31,2022,8,0
ORD_00917,2023-10-07,CUST_173,Office Supplies,Chairs,485.89,6,22.49,West,3.75,2023,10,1
ORD_00918,2021-07-13,CUST_138,Technology,Notebooks,1029.48,6,437.87,South,72.98,2021,7,0
ORD_00919,2022-05-17,CUST_496,Office Supplies,Chairs,1549.41,1,101.26,South,101.26,2022,5,0
ORD_00920,2023-09-15,CUST_258,Office Supplies,Phones,97.64,4,72.99,East,18.25,2023,9,2
ORD_00921,2021-04-24,CUST_170,Office Supplies,Phones,1389.74,1,421.4,West,421.4,2021,4,1
ORD_00922,2023-08-05,CUST_411,Technology,Paper,1299.99,4,399.41,Central,99.85,2023,8,2
ORD_00923,2023-04-11,CUST_340,Furniture,Desks,470.65,2,196.59,West,98.3,2023,4,2
ORD_00924,2023-07-14,CUST_397,Office Supplies,Computers,1365.89,5,219.08,East,43.82,2023,7,1
ORD_00925,2021-02-24,CUST_135,Furniture,Chairs,1880.96,9,69.76,South,7.75,2021,2,1
ORD_00926,2023-03-11,CUST_183,Office Supplies,Computers,103.1,3,-6.93,Central,-2.31,2023,3,0
ORD_00927,2023-02-17,CUST_473,Furniture,Paper,646.11,8,265.39,West,33.17,2023,2,0
ORD_00928,2021-06-11,CUST_362,Technology,Desks,881.97,3,4.09,South,1.36,2021,6,2
ORD_00929,2021-03-28,CUST_409,Technology,Chairs,1799.53,6,197.1,West,32.85,2021,3,0
ORD_00930,2021-02-24,CUST_484,Office Supplies,Notebooks,1924.9,4,467.27,Central,116.82,2021,2,1
ORD_00931,2023-10-29,CUST_271,Furniture,Desks,893.79,8,474.06,West,59.26,2023,10,1
ORD_00932,2023-04-13,CUST_475,Technology,Phones,1502.56,6,81.63,West,13.6,2023,4,2
ORD_00933,2021-11-09,CUST_272,Office Supplies,Paper,1068.01,8,293.26,West,36.66,2021,11,2
ORD_00934,2023-01-29,CUST_461,Office Supplies,Desks,1080.19,1,210.74,South,210.74,2023,1,2
ORD_00935,2022-03-19,CUST_146,Technology,Desks,563.42,6,431.63,Central,71.94,2022,3,2
ORD_00936,2021-11-24,CUST_478,Technology,Phones,441.74,1,99.29,Central,99.29,2021,11,0
ORD_00937,2023-12-14,CUST_240,Office Supplies,Chairs,583.13,1,-47.96,South,-47.96,2023,12,2
ORD_00938,2023-01-31,CUST_474,Furniture,Notebooks,1117.09,8,39.41,South,4.93,2023,1,0
ORD_00939,2022-08-02,CUST_217,Furniture,Phones,68.02,7,142.24,South,20.32,2022,8,1
ORD_00940,2023-12-11,CUST_376,Furniture,Notebooks,1815.43,3,123.65,East,41.22,2023,12,2
ORD_00941,2023-10-04,CUST_313,Office Supplies,Chairs,321.0,6,385.25,West,64.21,2023,10,2
ORD_00942,2021-04-06,CUST_319,Technology,Desks,447.98,9,324.31,West,36.03,2021,4,2
ORD_00943,2023-03-25,CUST_492,Office Supplies,Notebooks,1041.37,7,114.76,Central,16.39,2023,3,1
ORD_00944,2022-05-06,CUST_125,Technology,Paper,1423.13,3,201.76,West,67.25,2022,5,0
ORD_00945,2022-03-28,CUST_108,Furniture,Paper,200.5,6,2.56,East,0.43,2022,3,0
ORD_00946,2021-06-14,CUST_370,Furniture,Phones,642.21,4,443.98,South,111.0,2021,6,0
ORD_00947,2021-07-01,CUST_109,Technology,Chairs,1937.66,3,464.48,Central,154.83,2021,7,2
ORD_00948,2022-04-14,CUST_477,Technology,Phones,532.06,9,488.89,Central,54.32,2022,4,0
ORD_00949,2023-06-29,CUST_220,Office Supplies,Phones,632.97,2,427.7,West,213.85,2023,6,1
ORD_00950,2023-01-05,CUST_224,Furniture,Computers,1674.63,1,45.68,Central,45.68,2023,1,2
ORD_00951,2023-04-03,CUST_269,Office Supplies,Phones,109.93,2,-24.59,South,-12.3,2023,4,0
ORD_00952,2023-08-02,CUST_171,Office Supplies,Computers,934.58,7,268.78,Central,38.4,2023,8,0
ORD_00953,2021-01-07,CUST_251,Office Supplies,Paper,765.44,1,451.93,South,451.93,2021,1,0
ORD_00954,2021-11-26,CUST_307,Furniture,Paper,640.01,6,47.54,East,7.92,2021,11,2
ORD_00955,2023-02-14,CUST_148,Office Supplies,Phones,578.54,7,-46.13,East,-6.59,2023,2,1
ORD_00956,2021-05-31,CUST_253,Office Supplies,Paper,191.83,9,393.02,South,43.67,2021,5,0
ORD_00957,2021-05-27,CUST_446,Office Supplies,Chairs,636.5,8,-7.76,West,-0.97,2021,5,1
ORD_00958,2023-07-04,CUST_392,Office Supplies,Computers,95.67,6,177.54,Central,29.59,2023,7,0
ORD_00959,2022-12-01,CUST_167,Office Supplies,Computers,1564.12,3,323.39,West,107.8,2022,12,1
ORD_00960,2021-03-23,CUST_149,Office Supplies,Phones,802.47,8,80.24,Central,10.03,2021,3,2
ORD_00961,2022-05-29,CUST_251,Furniture,Paper,893.37,7,-3.82,East,-0.55,2022,5,0
ORD_00962,2023-03-26,CUST_118,Office Supplies,Notebooks,1788.25,3,373.51,East,124.5,2023,3,1
ORD_00963,2022-12-10,CUST_199,Technology,Computers,1319.53,9,296.6,East,32.96,2022,12,2
ORD_00964,2023-01-16,CUST_159,Office Supplies,Phones,26.04,2,493.67,Central,246.84,2023,1,2
ORD_00965,2023-10-20,CUST_266,Office Supplies,Phones,1886.92,3,139.37,East,46.46,2023,10,1
ORD_00966,2022-12-08,CUST_301,Furniture,Chairs,481.92,2,-16.03,East,-8.02,2022,12,2
ORD_00967,2022-04-16,CUST_444,Furniture,Desks,224.15,1,353.89,East,353.89,2022,4,0
ORD_00968,2022-01-31,CUST_245,Technology,Desks,1538.58,4,236.95,East,59.24,2022,1,0
ORD_00969,2021-09-18,CUST_263,Technology,Computers,1005.95,5,67.26,West,13.45,2021,9,0
ORD_00970,2023-03-16,CUST_341,Furniture,Chairs,873.2,6,379.95,East,63.32,2023,3,0
ORD_00971,2023-07-23,CUST_168,Furniture,Chairs,506.51,5,62.07,East,12.41,2023,7,2
ORD_00972,2023-06-24,CUST_274,Office Supplies,Chairs,1099.47,1,93.36,West,93.36,2023,6,0
ORD_00973,2023-12-13,CUST_148,Furniture,Computers,556.03,3,0.89,West,0.3,2023,12,1
ORD_00974,2023-07-29,CUST_207,Technology,Desks,1804.15,1,169.69,Central,169.69,2023,7,0
ORD_00975,2023-05-04,CUST_325,Office Supplies,Chairs,438.26,5,180.41,South,36.08,2023,5,0
ORD_00976,2022-08-16,CUST_260,Technology,Paper,1769.87,5,233.01,East,46.6,2022,8,0
ORD_00977,2022-12-15,CUST_218,Office Supplies,Phones,1123.22,6,339.93,East,56.66,2022,12,2
ORD_00978,2022-09-24,CUST_248,Furniture,Phones,1658.69,8,448.36,East,56.04,2022,9,2
ORD_00979,2021-02-28,CUST_249,Technology,Notebooks,1428.56,1,25.75,Central,25.75,2021,2,1
ORD_00980,2021-05-08,CUST_392,Office Supplies,Notebooks,1396.42,4,-20.11,East,-5.03,2021,5,0
ORD_00981,2023-01-06,CUST_242,Office Supplies,Computers,655.45,1,-39.81,South,-39.81,2023,1,0
ORD_00982,2022-12-22,CUST_259,Furniture,Computers,475.45,9,28.99,West,3.22,2022,12,0
ORD_00983,2022-06-10,CUST_110,Furniture,Phones,429.66,7,311.87,Central,44.55,2022,6,0
ORD_00984,2022-06-05,CUST_237,Furniture,Paper,1715.81,7,350.11,West,50.02,2022,6,1
ORD_00985,2022-07-06,CUST_177,Technology,Desks,1642.65,5,382.58,East,76.52,2022,7,1
ORD_00986,2021-08-25,CUST_176,Office Supplies,Desks,886.74,7,84.04,East,12.01,2021,8,0
ORD_00987,2022-05-09,CUST_353,Furniture,Computers,273.49,2,118.24,East,59.12,2022,5,1
ORD_00988,2021-01-04,CUST_357,Technology,Paper,770.68,4,215.72,South,53.93,2021,1,1
ORD_00989,2022-10-28,CUST_419,Technology,Computers,1242.49,7,-15.25,South,-2.18,2022,10,2
ORD_00990,2022-03-18,CUST_390,Technology,Desks,914.26,3,286.13,Central,95.38,2022,3,2
ORD_00991,2021-01-29,CUST_362,Furniture,Computers,1562.58,2,491.05,West,245.52,2021,1,2
ORD_00992,2022-09-02,CUST_184,Furniture,Chairs,1995.27,2,148.44,East,74.22,2022,9,2
ORD_00993,2023-03-16,CUST_245,Office Supplies,Computers,390.35,1,364.07,East,364.07,2023,3,0
ORD_00994,2021-03-16,CUST_422,Office Supplies,Phones,924.71,5,225.02,East,45.0,2021,3,2
ORD_00995,2023-04-18,CUST_141,Furniture,Computers,867.66,6,20.3,East,3.38,2023,4,1
ORD_00996,2021-05-08,CUST_473,Technology,Phones,615.94,6,270.23,South,45.04,2021,5,0
ORD_00997,2021-02-11,CUST_224,Technology,Paper,404.21,9,114.93,West,12.77,2021,2,2
ORD_00998,2021-02-10,CUST_266,Technology,Desks,140.73,4,-31.08,West,-7.77,2021,2,1
ORD_00999,2023-07-23,CUST_340,Office Supplies,Notebooks,1775.37,1,299.21,Central,299.21,2023,7,2
ORD_01000,2021-02-03,CUST_379,Technology,Notebooks,845.5,6,422.41,South,70.4,2021,2,1
